iter,alpha,state,ncraig,ipm_status,mu,rho,force_tol,floor_tol,sigma2min,pstat,cstat,wstat,pbase,prefn,cbase,crefn,wbase,wrefn,pres0,pres1,cres0,cres1,wres0,wres1,chosen
1,1.000000e+00,0,6,CONTINUE,1.000000e+00,1.000000e-09,1.000000e-01,4.394536e-14,9.847842e-14,REACHED_FORCE,REACHED_FORCE,REACHED_FORCE,3,0,2,0,1,0,2.197455e-03,NaN,1.046235e-02,NaN,0.000000e+00,NaN,false
1,3.162000e+00,0,5,CONTINUE,1.000000e+00,1.000000e-09,1.000000e-01,4.394536e-14,6.548563e-20,REACHED_FORCE,REACHED_FORCE,REACHED_FORCE,2,0,2,0,1,0,5.908068e-03,NaN,2.948038e-03,NaN,0.000000e+00,NaN,false
1,1.000000e+01,0,5,CONTINUE,1.000000e+00,1.000000e-09,1.000000e-01,4.394536e-14,6.335840e-28,REACHED_FORCE,REACHED_FORCE,REACHED_FORCE,2,0,2,0,1,0,9.802663e-04,NaN,5.056423e-04,NaN,0.000000e+00,NaN,false
1,3.162000e+01,0,4,CONTINUE,1.000000e+00,1.000000e-09,1.000000e-01,4.394536e-14,1.448378e-33,REACHED_FORCE,REACHED_FORCE,REACHED_FORCE,2,0,1,0,1,0,1.187153e-04,NaN,8.310322e-03,NaN,0.000000e+00,NaN,false
1,1.000000e+02,0,3,CONTINUE,1.000000e+00,1.000000e-09,1.000000e-01,4.394536e-14,7.710243e-34,REACHED_FORCE,REACHED_FORCE,REACHED_FORCE,1,0,1,0,1,0,5.441306e-03,NaN,2.627052e-03,NaN,0.000000e+00,NaN,true
1,3.162000e+02,0,3,CONTINUE,1.000000e+00,1.000000e-09,1.000000e-01,4.394536e-14,8.663119e-34,REACHED_FORCE,REACHED_FORCE,REACHED_FORCE,1,0,1,0,1,0,1.733439e-03,NaN,8.498489e-04,NaN,0.000000e+00,NaN,false
1,1.000000e+03,0,3,CONTINUE,1.000000e+00,1.000000e-09,1.000000e-01,4.394536e-14,5.202246e-34,REACHED_FORCE,REACHED_FORCE,REACHED_FORCE,1,0,1,0,1,0,5.493852e-04,NaN,2.706523e-04,NaN,0.000000e+00,NaN,false
1,3.162000e+03,0,3,CONTINUE,1.000000e+00,1.000000e-09,1.000000e-01,4.394536e-14,7.750645e-34,REACHED_FORCE,REACHED_FORCE,REACHED_FORCE,1,0,1,0,1,0,1.738737e-04,NaN,8.578915e-05,NaN,0.000000e+00,NaN,false
1,1.000000e+04,0,3,CONTINUE,1.000000e+00,1.000000e-09,1.000000e-01,4.394536e-14,1.022957e-33,REACHED_FORCE,REACHED_FORCE,REACHED_FORCE,1,0,1,0,1,0,5.499162e-05,NaN,2.714594e-05,NaN,0.000000e+00,NaN,false
1,3.162000e+04,0,3,CONTINUE,1.000000e+00,1.000000e-09,1.000000e-01,4.394536e-14,6.194313e-34,REACHED_FORCE,REACHED_FORCE,REACHED_FORCE,1,0,1,0,1,0,1.739268e-05,NaN,8.586997e-06,NaN,0.000000e+00,NaN,false
1,1.000000e+05,0,3,CONTINUE,1.000000e+00,1.000000e-09,1.000000e-01,4.394536e-14,3.009530e-34,REACHED_FORCE,REACHED_FORCE,REACHED_FORCE,1,0,1,0,1,0,5.499694e-06,NaN,2.715403e-06,NaN,0.000000e+00,NaN,false
1,3.162000e+05,0,3,CONTINUE,1.000000e+00,1.000000e-09,1.000000e-01,4.394536e-14,2.795899e-34,REACHED_FORCE,REACHED_FORCE,REACHED_FORCE,1,0,1,0,1,0,1.739321e-06,NaN,8.587806e-07,NaN,0.000000e+00,NaN,false
1,1.000000e+06,0,3,CONTINUE,1.000000e+00,1.000000e-09,1.000000e-01,4.394536e-14,5.615174e-34,REACHED_FORCE,REACHED_FORCE,REACHED_FORCE,1,0,1,0,1,0,5.499747e-07,NaN,2.715484e-07,NaN,0.000000e+00,NaN,false
1,3.162000e+06,0,3,CONTINUE,1.000000e+00,1.000000e-09,1.000000e-01,4.394536e-14,5.325750e-34,REACHED_FORCE,REACHED_FORCE,REACHED_FORCE,1,0,1,0,1,0,1.739327e-07,NaN,8.587887e-08,NaN,0.000000e+00,NaN,false
1,1.000000e+07,0,3,CONTINUE,1.000000e+00,1.000000e-09,1.000000e-01,4.394536e-14,4.076126e-34,REACHED_FORCE,REACHED_FORCE,REACHED_FORCE,1,0,1,0,1,0,5.499752e-08,NaN,2.715492e-08,NaN,0.000000e+00,NaN,false
1,3.162000e+07,0,3,CONTINUE,1.000000e+00,1.000000e-09,1.000000e-01,4.394536e-14,4.972290e-34,REACHED_FORCE,REACHED_FORCE,REACHED_FORCE,1,0,1,0,1,0,2.438016e-08,NaN,2.407899e-08,NaN,0.000000e+00,NaN,false
1,1.000000e+08,0,3,CONTINUE,1.000000e+00,1.000000e-09,1.000000e-01,4.394536e-14,4.499730e-34,REACHED_FORCE,REACHED_FORCE,REACHED_FORCE,1,0,1,0,1,0,6.602201e-08,NaN,5.569684e-08,NaN,0.000000e+00,NaN,false
1,3.162000e+08,0,3,CONTINUE,1.000000e+00,1.000000e-09,1.000000e-01,4.394536e-14,5.132071e-34,REACHED_FORCE,REACHED_FORCE,REACHED_FORCE,1,0,1,0,1,0,1.996045e-07,NaN,2.651316e-07,NaN,0.000000e+00,NaN,false
1,1.000000e+09,0,3,CONTINUE,1.000000e+00,1.000000e-09,1.000000e-01,4.394536e-14,3.502856e-34,REACHED_FORCE,REACHED_FORCE,REACHED_FORCE,1,0,1,0,1,0,6.103139e-07,NaN,6.643768e-07,NaN,0.000000e+00,NaN,false
1,3.162000e+09,0,3,CONTINUE,1.000000e+00,1.000000e-09,1.000000e-01,4.394536e-14,4.361701e-34,REACHED_FORCE,REACHED_FORCE,REACHED_FORCE,1,0,1,0,1,0,1.790328e-06,NaN,1.867916e-06,NaN,0.000000e+00,NaN,false
1,1.000000e+10,0,3,CONTINUE,1.000000e+00,1.000000e-09,1.000000e-01,4.394536e-14,2.335584e-34,REACHED_FORCE,REACHED_FORCE,REACHED_FORCE,1,0,1,0,1,0,7.122010e-06,NaN,4.978519e-06,NaN,0.000000e+00,NaN,false
2,1.000000e+00,0,8,CONTINUE,1.504400e-01,1.000000e-09,1.504400e-02,2.382149e-14,2.799700e-12,REACHED_FORCE,REACHED_FORCE,REACHED_FORCE,4,0,3,0,1,0,6.141265e-04,NaN,5.644787e-04,NaN,0.000000e+00,NaN,false
2,3.162000e+00,0,6,CONTINUE,1.504400e-01,1.000000e-09,1.504400e-02,2.382149e-14,1.643641e-19,REACHED_FORCE,REACHED_FORCE,REACHED_FORCE,3,0,2,0,1,0,3.629072e-04,NaN,5.520571e-04,NaN,0.000000e+00,NaN,false
2,1.000000e+01,0,5,CONTINUE,1.504400e-01,1.000000e-09,1.504400e-02,2.382149e-14,3.691551e-28,REACHED_FORCE,REACHED_FORCE,REACHED_FORCE,2,0,2,0,1,0,5.184154e-04,NaN,7.825030e-05,NaN,0.000000e+00,NaN,false
2,3.162000e+01,0,4,CONTINUE,1.504400e-01,1.000000e-09,1.504400e-02,2.382149e-14,8.260278e-33,REACHED_FORCE,REACHED_FORCE,REACHED_FORCE,2,0,1,0,1,0,5.882379e-05,NaN,6.607183e-04,NaN,0.000000e+00,NaN,false
2,1.000000e+02,0,4,CONTINUE,1.504400e-01,1.000000e-09,1.504400e-02,2.382149e-14,5.330552e-33,REACHED_FORCE,REACHED_FORCE,REACHED_FORCE,2,0,1,0,1,0,6.131728e-06,NaN,2.110917e-04,NaN,0.000000e+00,NaN,false
2,3.162000e+02,0,3,CONTINUE,1.504400e-01,1.000000e-09,1.504400e-02,2.382149e-14,3.513641e-33,REACHED_FORCE,REACHED_FORCE,REACHED_FORCE,1,0,1,0,1,0,6.494612e-04,NaN,6.792455e-05,NaN,0.000000e+00,NaN,true
2,1.000000e+03,0,3,CONTINUE,1.504400e-01,1.000000e-09,1.504400e-02,2.382149e-14,5.557335e-33,REACHED_FORCE,REACHED_FORCE,REACHED_FORCE,1,0,1,0,1,0,2.054553e-04,NaN,2.129553e-05,NaN,0.000000e+00,NaN,false
2,3.162000e+03,0,3,CONTINUE,1.504400e-01,1.000000e-09,1.504400e-02,2.382149e-14,3.080063e-33,REACHED_FORCE,REACHED_FORCE,REACHED_FORCE,1,0,1,0,1,0,6.498596e-05,NaN,6.716559e-06,NaN,0.000000e+00,NaN,false
2,1.000000e+04,0,3,CONTINUE,1.504400e-01,1.000000e-09,1.504400e-02,2.382149e-14,5.597928e-33,REACHED_FORCE,REACHED_FORCE,REACHED_FORCE,1,0,1,0,1,0,2.054952e-05,NaN,2.121947e-06,NaN,0.000000e+00,NaN,false
2,3.162000e+04,0,3,CONTINUE,1.504400e-01,1.000000e-09,1.504400e-02,2.382149e-14,5.329258e-33,REACHED_FORCE,REACHED_FORCE,REACHED_FORCE,1,0,1,0,1,0,6.498994e-06,NaN,6.708947e-07,NaN,0.000000e+00,NaN,false
2,1.000000e+05,0,3,CONTINUE,1.504400e-01,1.000000e-09,1.504400e-02,2.382149e-14,2.434527e-33,REACHED_FORCE,REACHED_FORCE,REACHED_FORCE,1,0,1,0,1,0,2.054992e-06,NaN,2.121186e-07,NaN,0.000000e+00,NaN,false
2,3.162000e+05,0,3,CONTINUE,1.504400e-01,1.000000e-09,1.504400e-02,2.382149e-14,4.745328e-33,REACHED_FORCE,REACHED_FORCE,REACHED_FORCE,1,0,1,0,1,0,6.499034e-07,NaN,6.708185e-08,NaN,0.000000e+00,NaN,false
2,1.000000e+06,0,3,CONTINUE,1.504400e-01,1.000000e-09,1.504400e-02,2.382149e-14,6.212102e-33,REACHED_FORCE,REACHED_FORCE,REACHED_FORCE,1,0,1,0,1,0,2.054996e-07,NaN,2.121110e-08,NaN,0.000000e+00,NaN,false
2,3.162000e+06,0,3,CONTINUE,1.504400e-01,1.000000e-09,1.504400e-02,2.382149e-14,2.742202e-33,REACHED_FORCE,REACHED_FORCE,REACHED_FORCE,1,0,1,0,1,0,6.499038e-08,NaN,6.708109e-09,NaN,0.000000e+00,NaN,false
2,1.000000e+07,0,3,CONTINUE,1.504400e-01,1.000000e-09,1.504400e-02,2.382149e-14,2.475593e-33,REACHED_FORCE,REACHED_FORCE,REACHED_FORCE,1,0,1,0,1,0,2.054996e-08,NaN,2.712874e-09,NaN,0.000000e+00,NaN,false
2,3.162000e+07,0,3,CONTINUE,1.504400e-01,1.000000e-09,1.504400e-02,2.382149e-14,2.618060e-33,REACHED_FORCE,REACHED_FORCE,REACHED_FORCE,1,0,1,0,1,0,6.499038e-09,NaN,6.570782e-09,NaN,0.000000e+00,NaN,false
2,1.000000e+08,0,3,CONTINUE,1.504400e-01,1.000000e-09,1.504400e-02,2.382149e-14,2.835121e-33,REACHED_FORCE,REACHED_FORCE,REACHED_FORCE,1,0,1,0,1,0,1.845018e-08,NaN,2.316597e-08,NaN,0.000000e+00,NaN,false
2,3.162000e+08,0,3,CONTINUE,1.504400e-01,1.000000e-09,1.504400e-02,2.382149e-14,1.856815e-33,REACHED_FORCE,REACHED_FORCE,REACHED_FORCE,1,0,1,0,1,0,6.353862e-08,NaN,7.823156e-08,NaN,0.000000e+00,NaN,false
2,1.000000e+09,0,3,CONTINUE,1.504400e-01,1.000000e-09,1.504400e-02,2.382149e-14,2.526648e-33,REACHED_FORCE,REACHED_FORCE,REACHED_FORCE,1,0,1,0,1,0,2.010904e-07,NaN,3.183745e-07,NaN,0.000000e+00,NaN,false
2,3.162000e+09,0,3,CONTINUE,1.504400e-01,1.000000e-09,1.504400e-02,2.382149e-14,2.717792e-33,REACHED_FORCE,REACHED_FORCE,REACHED_FORCE,1,0,1,0,1,0,4.538504e-07,NaN,7.836260e-07,NaN,0.000000e+00,NaN,false
2,1.000000e+10,0,3,CONTINUE,1.504400e-01,1.000000e-09,1.504400e-02,2.382149e-14,1.983447e-33,REACHED_FORCE,REACHED_FORCE,REACHED_FORCE,1,0,1,0,1,0,1.646308e-06,NaN,2.730877e-06,NaN,0.000000e+00,NaN,false
3,1.000000e+00,0,7,CONTINUE,2.339027e-02,1.000000e-09,2.339027e-03,2.222063e-14,6.835522e-13,REACHED_FORCE,REACHED_FORCE,REACHED_FORCE,3,0,3,0,1,0,5.957509e-04,NaN,1.634930e-04,NaN,0.000000e+00,NaN,false
3,3.162000e+00,0,6,CONTINUE,2.339027e-02,1.000000e-09,2.339027e-03,2.222063e-14,1.815565e-20,REACHED_FORCE,REACHED_FORCE,REACHED_FORCE,3,0,2,0,1,0,4.784229e-05,NaN,1.546914e-04,NaN,0.000000e+00,NaN,false
3,1.000000e+01,0,5,CONTINUE,2.339027e-02,1.000000e-09,2.339027e-03,2.222063e-14,3.756191e-29,REACHED_FORCE,REACHED_FORCE,REACHED_FORCE,2,0,2,0,1,0,8.197752e-05,NaN,2.113841e-05,NaN,0.000000e+00,NaN,false
3,3.162000e+01,0,4,CONTINUE,2.339027e-02,1.000000e-09,2.339027e-03,2.222063e-14,6.373642e-33,REACHED_FORCE,REACHED_FORCE,REACHED_FORCE,2,0,1,0,1,0,9.139245e-06,NaN,1.831223e-04,NaN,0.000000e+00,NaN,false
3,1.000000e+02,0,3,CONTINUE,2.339027e-02,1.000000e-09,2.339027e-03,2.222063e-14,3.968056e-33,REACHED_FORCE,REACHED_FORCE,REACHED_FORCE,1,0,1,0,1,0,2.283188e-04,NaN,5.945503e-05,NaN,0.000000e+00,NaN,true
3,3.162000e+02,0,3,CONTINUE,2.339027e-02,1.000000e-09,2.339027e-03,2.222063e-14,1.115456e-32,REACHED_FORCE,REACHED_FORCE,REACHED_FORCE,1,0,1,0,1,0,7.242367e-05,NaN,1.864205e-05,NaN,0.000000e+00,NaN,false
3,1.000000e+03,0,3,CONTINUE,2.339027e-02,1.000000e-09,2.339027e-03,2.222063e-14,4.459391e-33,REACHED_FORCE,REACHED_FORCE,REACHED_FORCE,1,0,1,0,1,0,2.292211e-05,NaN,5.878372e-06,NaN,0.000000e+00,NaN,false
3,3.162000e+03,0,3,CONTINUE,2.339027e-02,1.000000e-09,2.339027e-03,2.222063e-14,6.535397e-33,REACHED_FORCE,REACHED_FORCE,REACHED_FORCE,1,0,1,0,1,0,7.251420e-06,NaN,1.857439e-06,NaN,0.000000e+00,NaN,false
3,1.000000e+04,0,3,CONTINUE,2.339027e-02,1.000000e-09,2.339027e-03,2.222063e-14,9.385354e-33,REACHED_FORCE,REACHED_FORCE,REACHED_FORCE,1,0,1,0,1,0,2.293117e-06,NaN,5.871592e-07,NaN,0.000000e+00,NaN,false
3,3.162000e+04,0,3,CONTINUE,2.339027e-02,1.000000e-09,2.339027e-03,2.222063e-14,6.370926e-33,REACHED_FORCE,REACHED_FORCE,REACHED_FORCE,1,0,1,0,1,0,7.252327e-07,NaN,1.856760e-07,NaN,0.000000e+00,NaN,false
3,1.000000e+05,0,3,CONTINUE,2.339027e-02,1.000000e-09,2.339027e-03,2.222063e-14,6.462178e-33,REACHED_FORCE,REACHED_FORCE,REACHED_FORCE,1,0,1,0,1,0,2.293207e-07,NaN,5.870913e-08,NaN,0.000000e+00,NaN,false
3,3.162000e+05,0,3,CONTINUE,2.339027e-02,1.000000e-09,2.339027e-03,2.222063e-14,2.551582e-33,REACHED_FORCE,REACHED_FORCE,REACHED_FORCE,1,0,1,0,1,0,7.252417e-08,NaN,1.856692e-08,NaN,0.000000e+00,NaN,false
3,1.000000e+06,0,3,CONTINUE,2.339027e-02,1.000000e-09,2.339027e-03,2.222063e-14,3.228557e-33,REACHED_FORCE,REACHED_FORCE,REACHED_FORCE,1,0,1,0,1,0,2.293217e-08,NaN,5.870845e-09,NaN,0.000000e+00,NaN,false
3,3.162000e+06,0,3,CONTINUE,2.339027e-02,1.000000e-09,2.339027e-03,2.222063e-14,3.351672e-33,REACHED_FORCE,REACHED_FORCE,REACHED_FORCE,1,0,1,0,1,0,7.252427e-09,NaN,1.856686e-09,NaN,0.000000e+00,NaN,false
3,1.000000e+07,0,3,CONTINUE,2.339027e-02,1.000000e-09,2.339027e-03,2.222063e-14,3.114612e-33,REACHED_FORCE,REACHED_FORCE,REACHED_FORCE,1,0,1,0,1,0,2.293217e-09,NaN,3.111149e-09,NaN,0.000000e+00,NaN,false
3,3.162000e+07,0,3,CONTINUE,2.339027e-02,1.000000e-09,2.339027e-03,2.222063e-14,3.351576e-33,REACHED_FORCE,REACHED_FORCE,REACHED_FORCE,1,0,1,0,1,0,8.649823e-09,NaN,9.530013e-09,NaN,0.000000e+00,NaN,false
3,1.000000e+08,0,3,CONTINUE,2.339027e-02,1.000000e-09,2.339027e-03,2.222063e-14,3.051883e-33,REACHED_FORCE,REACHED_FORCE,REACHED_FORCE,1,0,1,0,1,0,2.418795e-08,NaN,2.018747e-08,NaN,0.000000e+00,NaN,false
3,3.162000e+08,0,3,CONTINUE,2.339027e-02,1.000000e-09,2.339027e-03,2.222063e-14,1.817214e-33,REACHED_FORCE,REACHED_FORCE,REACHED_FORCE,1,0,1,0,1,0,4.346099e-08,NaN,7.475836e-08,NaN,0.000000e+00,NaN,false
3,1.000000e+09,0,3,CONTINUE,2.339027e-02,1.000000e-09,2.339027e-03,2.222063e-14,3.372273e-33,REACHED_FORCE,REACHED_FORCE,REACHED_FORCE,1,0,1,0,1,0,1.718359e-07,NaN,2.292682e-07,NaN,0.000000e+00,NaN,false
3,3.162000e+09,0,3,CONTINUE,2.339027e-02,1.000000e-09,2.339027e-03,2.222063e-14,1.406323e-33,REACHED_FORCE,REACHED_FORCE,REACHED_FORCE,1,0,1,0,1,0,4.930300e-07,NaN,6.029278e-07,NaN,0.000000e+00,NaN,false
3,1.000000e+10,0,3,CONTINUE,2.339027e-02,1.000000e-09,2.339027e-03,2.222063e-14,1.385417e-33,REACHED_FORCE,REACHED_FORCE,REACHED_FORCE,1,0,1,0,1,0,2.035233e-06,NaN,1.593902e-06,NaN,0.000000e+00,NaN,false
4,1.000000e+00,0,8,CONTINUE,3.546415e-03,1.000000e-09,3.546415e-04,2.220568e-14,6.619571e-13,REACHED_FORCE,REACHED_FORCE,REACHED_FORCE,4,0,3,0,1,0,2.977881e-05,NaN,5.689982e-05,NaN,0.000000e+00,NaN,false
4,3.162000e+00,0,6,CONTINUE,3.546415e-03,1.000000e-09,3.546415e-04,2.220568e-14,1.732596e-20,REACHED_FORCE,REACHED_FORCE,REACHED_FORCE,3,0,2,0,1,0,1.700963e-05,NaN,5.746888e-05,NaN,0.000000e+00,NaN,false
4,1.000000e+01,0,5,CONTINUE,3.546415e-03,1.000000e-09,3.546415e-04,2.220568e-14,3.569045e-29,REACHED_FORCE,REACHED_FORCE,REACHED_FORCE,2,0,2,0,1,0,2.952385e-05,NaN,7.846512e-06,NaN,0.000000e+00,NaN,false
4,3.162000e+01,0,5,CONTINUE,3.546415e-03,1.000000e-09,3.546415e-04,2.220568e-14,6.743284e-33,REACHED_FORCE,REACHED_FORCE,REACHED_FORCE,2,0,2,0,1,0,3.290060e-06,NaN,8.647101e-07,NaN,0.000000e+00,NaN,false
4,1.000000e+02,0,4,CONTINUE,3.546415e-03,1.000000e-09,3.546415e-04,2.220568e-14,4.647879e-33,REACHED_FORCE,REACHED_FORCE,REACHED_FORCE,2,0,1,0,1,0,3.408308e-07,NaN,2.172327e-05,NaN,0.000000e+00,NaN,false
4,3.162000e+02,0,3,CONTINUE,3.546415e-03,1.000000e-09,3.546415e-04,2.220568e-14,6.215552e-33,REACHED_FORCE,REACHED_FORCE,REACHED_FORCE,1,0,1,0,1,0,2.602908e-05,NaN,6.926791e-06,NaN,0.000000e+00,NaN,true
4,1.000000e+03,0,3,CONTINUE,3.546415e-03,1.000000e-09,3.546415e-04,2.220568e-14,8.184309e-33,REACHED_FORCE,REACHED_FORCE,REACHED_FORCE,1,0,1,0,1,0,8.238197e-06,NaN,2.184515e-06,NaN,0.000000e+00,NaN,false
4,3.162000e+03,0,3,CONTINUE,3.546415e-03,1.000000e-09,3.546415e-04,2.220568e-14,8.072857e-33,REACHED_FORCE,REACHED_FORCE,REACHED_FORCE,1,0,1,0,1,0,2.606157e-06,NaN,6.902898e-07,NaN,0.000000e+00,NaN,false
4,1.000000e+04,0,3,CONTINUE,3.546415e-03,1.000000e-09,3.546415e-04,2.220568e-14,4.334293e-33,REACHED_FORCE,REACHED_FORCE,REACHED_FORCE,1,0,1,0,1,0,8.241449e-07,NaN,2.182120e-07,NaN,0.000000e+00,NaN,false
4,3.162000e+04,0,3,CONTINUE,3.546415e-03,1.000000e-09,3.546415e-04,2.220568e-14,7.075033e-33,REACHED_FORCE,REACHED_FORCE,REACHED_FORCE,1,0,1,0,1,0,2.606482e-07,NaN,6.900501e-08,NaN,0.000000e+00,NaN,false
4,1.000000e+05,0,3,CONTINUE,3.546415e-03,1.000000e-09,3.546415e-04,2.220568e-14,4.283632e-33,REACHED_FORCE,REACHED_FORCE,REACHED_FORCE,1,0,1,0,1,0,8.241774e-08,NaN,2.181881e-08,NaN,0.000000e+00,NaN,false
4,3.162000e+05,0,3,CONTINUE,3.546415e-03,1.000000e-09,3.546415e-04,2.220568e-14,3.664887e-33,REACHED_FORCE,REACHED_FORCE,REACHED_FORCE,1,0,1,0,1,0,2.606514e-08,NaN,6.900261e-09,NaN,0.000000e+00,NaN,false
4,1.000000e+06,0,3,CONTINUE,3.546415e-03,1.000000e-09,3.546415e-04,2.220568e-14,3.464568e-33,REACHED_FORCE,REACHED_FORCE,REACHED_FORCE,1,0,1,0,1,0,8.241807e-09,NaN,2.181857e-09,NaN,0.000000e+00,NaN,false
4,3.162000e+06,0,3,CONTINUE,3.546415e-03,1.000000e-09,3.546415e-04,2.220568e-14,3.283721e-33,REACHED_FORCE,REACHED_FORCE,REACHED_FORCE,1,0,1,0,1,0,2.606518e-09,NaN,6.900237e-10,NaN,0.000000e+00,NaN,false
4,1.000000e+07,0,3,CONTINUE,3.546415e-03,1.000000e-09,3.546415e-04,2.220568e-14,2.790612e-33,REACHED_FORCE,REACHED_FORCE,REACHED_FORCE,1,0,1,0,1,0,8.241810e-10,NaN,1.427948e-09,NaN,0.000000e+00,NaN,false
4,3.162000e+07,0,3,CONTINUE,3.546415e-03,1.000000e-09,3.546415e-04,2.220568e-14,5.595938e-33,REACHED_FORCE,REACHED_FORCE,REACHED_FORCE,1,0,1,0,1,0,2.508399e-09,NaN,3.337902e-09,NaN,0.000000e+00,NaN,false
4,1.000000e+08,0,3,CONTINUE,3.546415e-03,1.000000e-09,3.546415e-04,2.220568e-14,4.511724e-33,REACHED_FORCE,REACHED_FORCE,REACHED_FORCE,1,0,1,0,1,0,6.327364e-09,NaN,1.068566e-08,NaN,0.000000e+00,NaN,false
4,3.162000e+08,0,3,CONTINUE,3.546415e-03,1.000000e-09,3.546415e-04,2.220568e-14,2.982152e-33,REACHED_FORCE,REACHED_FORCE,REACHED_FORCE,1,0,1,0,1,0,2.377000e-08,NaN,2.633752e-08,NaN,0.000000e+00,NaN,false
4,1.000000e+09,0,3,CONTINUE,3.546415e-03,1.000000e-09,3.546415e-04,2.220568e-14,2.355585e-33,REACHED_FORCE,REACHED_FORCE,REACHED_FORCE,1,0,1,0,1,0,7.427137e-08,NaN,1.043655e-07,NaN,0.000000e+00,NaN,false
4,3.162000e+09,0,3,CONTINUE,3.546415e-03,1.000000e-09,3.546415e-04,2.220568e-14,3.699978e-33,REACHED_FORCE,REACHED_FORCE,REACHED_FORCE,1,0,1,0,1,0,1.959077e-07,NaN,2.273835e-07,NaN,0.000000e+00,NaN,false
4,1.000000e+10,0,3,CONTINUE,3.546415e-03,1.000000e-09,3.546415e-04,2.220568e-14,3.429085e-33,REACHED_FORCE,REACHED_FORCE,REACHED_FORCE,1,0,1,0,1,0,7.773037e-07,NaN,9.980020e-07,NaN,0.000000e+00,NaN,false
5,1.000000e+00,0,9,CONTINUE,5.372215e-04,1.000000e-09,5.372215e-05,2.220462e-14,6.621315e-13,REACHED_FORCE,REACHED_FORCE,REACHED_FORCE,4,0,4,0,1,0,1.096061e-05,NaN,2.935765e-06,NaN,0.000000e+00,NaN,false
5,3.162000e+00,0,7,CONTINUE,5.372215e-04,1.000000e-09,5.372215e-05,2.220462e-14,1.735792e-20,REACHED_FORCE,REACHED_FORCE,REACHED_FORCE,3,0,3,0,1,0,6.287712e-06,NaN,1.679545e-06,NaN,0.000000e+00,NaN,false
5,1.000000e+01,0,6,CONTINUE,5.372215e-04,1.000000e-09,5.372215e-05,2.220462e-14,3.559896e-29,REACHED_FORCE,REACHED_FORCE,REACHED_FORCE,3,0,2,0,1,0,2.869884e-07,NaN,2.890729e-06,NaN,0.000000e+00,NaN,false
5,3.162000e+01,0,5,CONTINUE,5.372215e-04,1.000000e-09,5.372215e-05,2.220462e-14,9.487860e-33,REACHED_FORCE,REACHED_FORCE,REACHED_FORCE,2,0,2,0,1,0,1.222285e-06,NaN,3.225492e-07,NaN,0.000000e+00,NaN,false
5,1.000000e+02,0,5,CONTINUE,5.372215e-04,1.000000e-09,5.372215e-05,2.220462e-14,9.888832e-33,REACHED_FORCE,REACHED_FORCE,REACHED_FORCE,2,0,2,0,1,0,1.266238e-07,NaN,3.337479e-08,NaN,0.000000e+00,NaN,false
5,3.162000e+02,0,4,CONTINUE,5.372215e-04,1.000000e-09,5.372215e-05,2.220462e-14,7.482049e-33,REACHED_FORCE,REACHED_FORCE,REACHED_FORCE,2,0,1,0,1,0,1.280931e-08,NaN,2.570478e-06,NaN,0.000000e+00,NaN,false
5,1.000000e+03,0,3,CONTINUE,5.372215e-04,1.000000e-09,5.372215e-05,2.220462e-14,4.697871e-33,REACHED_FORCE,REACHED_FORCE,REACHED_FORCE,1,0,1,0,1,0,3.066468e-06,NaN,8.149073e-07,NaN,0.000000e+00,NaN,true
5,3.162000e+03,0,3,CONTINUE,5.372215e-04,1.000000e-09,5.372215e-05,2.220462e-14,1.087219e-32,REACHED_FORCE,REACHED_FORCE,REACHED_FORCE,1,0,1,0,1,0,9.700794e-07,NaN,2.575045e-07,NaN,0.000000e+00,NaN,false
5,1.000000e+04,0,3,CONTINUE,5.372215e-04,1.000000e-09,5.372215e-05,2.220462e-14,6.722651e-33,REACHED_FORCE,REACHED_FORCE,REACHED_FORCE,1,0,1,0,1,0,3.067683e-07,NaN,8.140148e-08,NaN,0.000000e+00,NaN,false
5,3.162000e+04,0,3,CONTINUE,5.372215e-04,1.000000e-09,5.372215e-05,2.220462e-14,7.508441e-33,REACHED_FORCE,REACHED_FORCE,REACHED_FORCE,1,0,1,0,1,0,9.702009e-08,NaN,2.574152e-08,NaN,0.000000e+00,NaN,false
5,1.000000e+05,0,3,CONTINUE,5.372215e-04,1.000000e-09,5.372215e-05,2.220462e-14,6.734736e-33,REACHED_FORCE,REACHED_FORCE,REACHED_FORCE,1,0,1,0,1,0,3.067804e-08,NaN,8.139256e-09,NaN,0.000000e+00,NaN,false
5,3.162000e+05,0,3,CONTINUE,5.372215e-04,1.000000e-09,5.372215e-05,2.220462e-14,5.048825e-33,REACHED_FORCE,REACHED_FORCE,REACHED_FORCE,1,0,1,0,1,0,9.702130e-09,NaN,2.574063e-09,NaN,0.000000e+00,NaN,false
5,1.000000e+06,0,3,CONTINUE,5.372215e-04,1.000000e-09,5.372215e-05,2.220462e-14,5.755646e-33,REACHED_FORCE,REACHED_FORCE,REACHED_FORCE,1,0,1,0,1,0,3.067817e-09,NaN,8.139166e-10,NaN,0.000000e+00,NaN,false
5,3.162000e+06,0,3,CONTINUE,5.372215e-04,1.000000e-09,5.372215e-05,2.220462e-14,6.949121e-33,REACHED_FORCE,REACHED_FORCE,REACHED_FORCE,1,0,1,0,1,0,9.702142e-10,NaN,2.574054e-10,NaN,0.000000e+00,NaN,false
5,1.000000e+07,0,3,CONTINUE,5.372215e-04,1.000000e-09,5.372215e-05,2.220462e-14,5.645351e-33,REACHED_FORCE,REACHED_FORCE,REACHED_FORCE,1,0,1,0,1,0,3.067818e-10,NaN,3.353679e-10,NaN,0.000000e+00,NaN,false
5,3.162000e+07,0,3,CONTINUE,5.372215e-04,1.000000e-09,5.372215e-05,2.220462e-14,4.691324e-33,REACHED_FORCE,REACHED_FORCE,REACHED_FORCE,1,0,1,0,1,0,8.948443e-10,NaN,1.573914e-09,NaN,0.000000e+00,NaN,false
5,1.000000e+08,0,3,CONTINUE,5.372215e-04,1.000000e-09,5.372215e-05,2.220462e-14,3.144320e-33,REACHED_FORCE,REACHED_FORCE,REACHED_FORCE,1,0,1,0,1,0,3.234404e-09,NaN,4.163063e-09,NaN,0.000000e+00,NaN,false
5,3.162000e+08,0,3,CONTINUE,5.372215e-04,1.000000e-09,5.372215e-05,2.220462e-14,2.205787e-33,REACHED_FORCE,REACHED_FORCE,REACHED_FORCE,1,0,1,0,1,0,8.284336e-09,NaN,1.397295e-08,NaN,0.000000e+00,NaN,false
5,1.000000e+09,0,3,CONTINUE,5.372215e-04,1.000000e-09,5.372215e-05,2.220462e-14,2.011564e-33,REACHED_FORCE,REACHED_FORCE,REACHED_FORCE,1,0,1,0,1,0,2.881820e-08,NaN,4.382000e-08,NaN,0.000000e+00,NaN,false
5,3.162000e+09,0,3,CONTINUE,5.372215e-04,1.000000e-09,5.372215e-05,2.220462e-14,4.837880e-33,REACHED_FORCE,REACHED_FORCE,REACHED_FORCE,1,0,1,0,1,0,1.022415e-07,NaN,1.232280e-07,NaN,0.000000e+00,NaN,false
5,1.000000e+10,0,3,CONTINUE,5.372215e-04,1.000000e-09,5.372215e-05,2.220462e-14,3.505009e-33,REACHED_FORCE,REACHED_FORCE,REACHED_FORCE,1,0,1,0,1,0,3.884009e-07,NaN,3.142783e-07,NaN,0.000000e+00,NaN,false
6,1.000000e+00,0,10,CONTINUE,8.139736e-05,1.000000e-09,8.139736e-06,2.220448e-14,6.627215e-13,REACHED_FORCE,REACHED_FORCE,REACHED_FORCE,5,0,4,0,1,0,5.958298e-07,NaN,1.078646e-06,NaN,0.000000e+00,NaN,false
6,3.162000e+00,0,7,CONTINUE,8.139736e-05,1.000000e-09,8.139736e-06,2.220448e-14,1.740342e-20,REACHED_FORCE,REACHED_FORCE,REACHED_FORCE,3,0,3,0,1,0,2.333833e-06,NaN,6.234750e-07,NaN,0.000000e+00,NaN,false
6,1.000000e+01,0,6,CONTINUE,8.139736e-05,1.000000e-09,8.139736e-06,2.220448e-14,3.553372e-29,REACHED_FORCE,REACHED_FORCE,REACHED_FORCE,3,0,2,0,1,0,1.065515e-07,NaN,1.078900e-06,NaN,0.000000e+00,NaN,false
6,3.162000e+01,0,5,CONTINUE,8.139736e-05,1.000000e-09,8.139736e-06,2.220448e-14,6.908437e-33,REACHED_FORCE,REACHED_FORCE,REACHED_FORCE,2,0,2,0,1,0,4.559333e-07,NaN,1.203859e-07,NaN,0.000000e+00,NaN,false
6,1.000000e+02,0,5,CONTINUE,8.139736e-05,1.000000e-09,8.139736e-06,2.220448e-14,8.365774e-33,REACHED_FORCE,REACHED_FORCE,REACHED_FORCE,2,0,2,0,1,0,4.723337e-08,NaN,1.245675e-08,NaN,0.000000e+00,NaN,false
6,3.162000e+02,0,5,CONTINUE,8.139736e-05,1.000000e-09,8.139736e-06,2.220448e-14,5.666814e-33,REACHED_FORCE,REACHED_FORCE,REACHED_FORCE,2,0,2,0,1,0,4.778164e-09,NaN,1.259997e-09,NaN,0.000000e+00,NaN,false
6,1.000000e+03,0,4,CONTINUE,8.139736e-05,1.000000e-09,8.139736e-06,2.220448e-14,6.595502e-33,REACHED_FORCE,REACHED_FORCE,REACHED_FORCE,2,0,1,0,1,0,4.794595e-10,NaN,3.035993e-07,NaN,0.000000e+00,NaN,false
6,3.162000e+03,0,3,CONTINUE,8.139736e-05,1.000000e-09,8.139736e-06,2.220448e-14,4.818994e-33,REACHED_FORCE,REACHED_FORCE,REACHED_FORCE,1,0,1,0,1,0,3.620779e-07,NaN,9.609448e-08,NaN,0.000000e+00,NaN,true
6,1.000000e+04,0,3,CONTINUE,8.139736e-05,1.000000e-09,8.139736e-06,2.220448e-14,1.124446e-32,REACHED_FORCE,REACHED_FORCE,REACHED_FORCE,1,0,1,0,1,0,1.145000e-07,NaN,3.037704e-08,NaN,0.000000e+00,NaN,false
6,3.162000e+04,0,3,CONTINUE,8.139736e-05,1.000000e-09,8.139736e-06,2.220448e-14,5.002151e-33,REACHED_FORCE,REACHED_FORCE,REACHED_FORCE,1,0,1,0,1,0,3.621234e-08,NaN,9.606104e-09,NaN,0.000000e+00,NaN,false
6,1.000000e+05,0,3,CONTINUE,8.139736e-05,1.000000e-09,8.139736e-06,2.220448e-14,5.438143e-33,REACHED_FORCE,REACHED_FORCE,REACHED_FORCE,1,0,1,0,1,0,1.145045e-08,NaN,3.037370e-09,NaN,0.000000e+00,NaN,false
6,3.162000e+05,0,3,CONTINUE,8.139736e-05,1.000000e-09,8.139736e-06,2.220448e-14,4.014543e-33,REACHED_FORCE,REACHED_FORCE,REACHED_FORCE,1,0,1,0,1,0,3.621279e-09,NaN,9.605770e-10,NaN,0.000000e+00,NaN,false
6,1.000000e+06,0,3,CONTINUE,8.139736e-05,1.000000e-09,8.139736e-06,2.220448e-14,3.122032e-33,REACHED_FORCE,REACHED_FORCE,REACHED_FORCE,1,0,1,0,1,0,1.145050e-09,NaN,3.037336e-10,NaN,0.000000e+00,NaN,false
6,3.162000e+06,0,3,CONTINUE,8.139736e-05,1.000000e-09,8.139736e-06,2.220448e-14,2.377249e-33,REACHED_FORCE,REACHED_FORCE,REACHED_FORCE,1,0,1,0,1,0,3.621284e-10,NaN,9.605737e-11,NaN,0.000000e+00,NaN,false
6,1.000000e+07,0,3,CONTINUE,8.139736e-05,1.000000e-09,8.139736e-06,2.220448e-14,3.234677e-33,REACHED_FORCE,REACHED_FORCE,REACHED_FORCE,1,0,1,0,1,0,1.224505e-10,NaN,1.428695e-10,NaN,0.000000e+00,NaN,false
6,3.162000e+07,0,3,CONTINUE,8.139736e-05,1.000000e-09,8.139736e-06,2.220448e-14,6.199279e-33,REACHED_FORCE,REACHED_FORCE,REACHED_FORCE,1,0,1,0,1,0,5.153399e-10,NaN,6.260592e-10,NaN,0.000000e+00,NaN,false
6,1.000000e+08,0,3,CONTINUE,8.139736e-05,1.000000e-09,8.139736e-06,2.220448e-14,3.828482e-33,REACHED_FORCE,REACHED_FORCE,REACHED_FORCE,1,0,1,0,1,0,1.321722e-09,NaN,1.563934e-09,NaN,0.000000e+00,NaN,false
6,3.162000e+08,0,3,CONTINUE,8.139736e-05,1.000000e-09,8.139736e-06,2.220448e-14,2.309265e-33,REACHED_FORCE,REACHED_FORCE,REACHED_FORCE,1,0,1,0,1,0,3.498994e-09,NaN,4.055404e-09,NaN,0.000000e+00,NaN,false
6,1.000000e+09,0,3,CONTINUE,8.139736e-05,1.000000e-09,8.139736e-06,2.220448e-14,1.515208e-33,REACHED_FORCE,REACHED_FORCE,REACHED_FORCE,1,0,1,0,1,0,8.592649e-09,NaN,1.079815e-08,NaN,0.000000e+00,NaN,false
6,3.162000e+09,0,3,CONTINUE,8.139736e-05,1.000000e-09,8.139736e-06,2.220448e-14,2.511980e-33,REACHED_FORCE,REACHED_FORCE,REACHED_FORCE,1,0,1,0,1,0,3.516496e-08,NaN,3.137704e-08,NaN,0.000000e+00,NaN,false
6,1.000000e+10,0,3,CONTINUE,8.139736e-05,1.000000e-09,8.139736e-06,2.220448e-14,1.788020e-33,REACHED_FORCE,REACHED_FORCE,REACHED_FORCE,1,0,1,0,1,0,1.116063e-07,NaN,1.354643e-07,NaN,0.000000e+00,NaN,false
7,1.000000e+00,0,10,CONTINUE,1.233651e-05,1.000000e-09,1.233651e-06,2.220446e-14,6.632058e-13,REACHED_FORCE,REACHED_FORCE,REACHED_FORCE,5,0,4,0,1,0,2.204627e-07,NaN,3.994612e-07,NaN,0.000000e+00,NaN,false
7,3.162000e+00,0,8,CONTINUE,1.233651e-05,1.000000e-09,1.233651e-06,2.220446e-14,1.744177e-20,REACHED_FORCE,REACHED_FORCE,REACHED_FORCE,4,0,3,0,1,0,5.165464e-08,NaN,2.305080e-07,NaN,0.000000e+00,NaN,false
7,1.000000e+01,0,7,CONTINUE,1.233651e-05,1.000000e-09,1.233651e-06,2.220446e-14,3.549465e-29,REACHED_FORCE,REACHED_FORCE,REACHED_FORCE,3,0,3,0,1,0,3.962048e-08,NaN,1.053434e-08,NaN,0.000000e+00,NaN,false
7,3.162000e+01,0,5,CONTINUE,1.233651e-05,1.000000e-09,1.233651e-06,2.220446e-14,6.261935e-33,REACHED_FORCE,REACHED_FORCE,REACHED_FORCE,2,0,2,0,1,0,1.703105e-07,NaN,4.495227e-08,NaN,0.000000e+00,NaN,false
7,1.000000e+02,0,5,CONTINUE,1.233651e-05,1.000000e-09,1.233651e-06,2.220446e-14,9.730586e-33,REACHED_FORCE,REACHED_FORCE,REACHED_FORCE,2,0,2,0,1,0,1.764378e-08,NaN,4.651419e-09,NaN,0.000000e+00,NaN,false
7,3.162000e+02,0,5,CONTINUE,1.233651e-05,1.000000e-09,1.233651e-06,2.220446e-14,6.993368e-33,REACHED_FORCE,REACHED_FORCE,REACHED_FORCE,2,0,2,0,1,0,1.784862e-09,NaN,4.704909e-10,NaN,0.000000e+00,NaN,false
7,1.000000e+03,0,4,CONTINUE,1.233651e-05,1.000000e-09,1.233651e-06,2.220446e-14,7.249765e-33,REACHED_FORCE,REACHED_FORCE,REACHED_FORCE,2,0,1,0,1,0,1.791000e-10,NaN,1.133294e-07,NaN,0.000000e+00,NaN,false
7,3.162000e+03,0,4,CONTINUE,1.233651e-05,1.000000e-09,1.233651e-06,2.220446e-14,6.803218e-33,REACHED_FORCE,REACHED_FORCE,REACHED_FORCE,2,0,1,0,1,0,1.793363e-11,NaN,3.585190e-08,NaN,0.000000e+00,NaN,false
7,1.000000e+04,0,3,CONTINUE,1.233651e-05,1.000000e-09,1.233651e-06,2.220446e-14,7.078523e-33,REACHED_FORCE,REACHED_FORCE,REACHED_FORCE,1,0,1,0,1,0,4.277326e-08,NaN,1.133935e-08,NaN,0.000000e+00,NaN,true
7,3.162000e+04,0,3,CONTINUE,1.233651e-05,1.000000e-09,1.233651e-06,2.220446e-14,6.839665e-33,REACHED_FORCE,REACHED_FORCE,REACHED_FORCE,1,0,1,0,1,0,1.352769e-08,NaN,3.585831e-09,NaN,0.000000e+00,NaN,false
7,1.000000e+05,0,3,CONTINUE,1.233651e-05,1.000000e-09,1.233651e-06,2.220446e-14,4.952745e-33,REACHED_FORCE,REACHED_FORCE,REACHED_FORCE,1,0,1,0,1,0,4.277496e-09,NaN,1.133810e-09,NaN,0.000000e+00,NaN,false
7,3.162000e+05,0,3,CONTINUE,1.233651e-05,1.000000e-09,1.233651e-06,2.220446e-14,1.561464e-33,REACHED_FORCE,REACHED_FORCE,REACHED_FORCE,1,0,1,0,1,0,1.352786e-09,NaN,3.585706e-10,NaN,0.000000e+00,NaN,false
7,1.000000e+06,0,3,CONTINUE,1.233651e-05,1.000000e-09,1.233651e-06,2.220446e-14,3.995315e-33,REACHED_FORCE,REACHED_FORCE,REACHED_FORCE,1,0,1,0,1,0,4.277514e-10,NaN,1.133797e-10,NaN,0.000000e+00,NaN,false
7,3.162000e+06,0,3,CONTINUE,1.233651e-05,1.000000e-09,1.233651e-06,2.220446e-14,3.658441e-33,REACHED_FORCE,REACHED_FORCE,REACHED_FORCE,1,0,1,0,1,0,1.352788e-10,NaN,3.585694e-11,NaN,0.000000e+00,NaN,false
7,1.000000e+07,0,3,CONTINUE,1.233651e-05,1.000000e-09,1.233651e-06,2.220446e-14,4.175743e-33,REACHED_FORCE,REACHED_FORCE,REACHED_FORCE,1,0,1,0,1,0,4.403015e-11,NaN,4.895479e-11,NaN,0.000000e+00,NaN,false
7,3.162000e+07,0,3,CONTINUE,1.233651e-05,1.000000e-09,1.233651e-06,2.220446e-14,3.549529e-33,REACHED_FORCE,REACHED_FORCE,REACHED_FORCE,1,0,1,0,1,0,1.703921e-10,NaN,2.155877e-10,NaN,0.000000e+00,NaN,false
7,1.000000e+08,0,3,CONTINUE,1.233651e-05,1.000000e-09,1.233651e-06,2.220446e-14,5.385474e-33,REACHED_FORCE,REACHED_FORCE,REACHED_FORCE,1,0,1,0,1,0,5.323896e-10,NaN,4.715093e-10,NaN,0.000000e+00,NaN,false
7,3.162000e+08,0,3,CONTINUE,1.233651e-05,1.000000e-09,1.233651e-06,2.220446e-14,3.304181e-33,REACHED_FORCE,REACHED_FORCE,REACHED_FORCE,1,0,1,0,1,0,1.528734e-09,NaN,1.487739e-09,NaN,0.000000e+00,NaN,false
7,1.000000e+09,0,3,CONTINUE,1.233651e-05,1.000000e-09,1.233651e-06,2.220446e-14,3.463440e-33,REACHED_FORCE,REACHED_FORCE,REACHED_FORCE,1,0,1,0,1,0,4.479136e-09,NaN,4.493362e-09,NaN,0.000000e+00,NaN,false
7,3.162000e+09,0,3,CONTINUE,1.233651e-05,1.000000e-09,1.233651e-06,2.220446e-14,2.397349e-33,REACHED_FORCE,REACHED_FORCE,REACHED_FORCE,1,0,1,0,1,0,1.025239e-08,NaN,1.574360e-08,NaN,0.000000e+00,NaN,false
7,1.000000e+10,0,3,CONTINUE,1.233651e-05,1.000000e-09,1.233651e-06,2.220446e-14,2.655650e-33,REACHED_FORCE,REACHED_FORCE,REACHED_FORCE,1,0,1,0,1,0,3.505613e-08,NaN,6.571226e-08,NaN,0.000000e+00,NaN,false
8,1.000000e+00,0,11,CONTINUE,1.870349e-06,1.000000e-09,1.870349e-07,2.220446e-14,6.635690e-13,REACHED_FORCE,REACHED_FORCE,REACHED_FORCE,5,0,5,0,1,0,8.172189e-08,NaN,2.172080e-08,NaN,0.000000e+00,NaN,false
8,3.162000e+00,0,9,CONTINUE,1.870349e-06,1.000000e-09,1.870349e-07,2.220446e-14,1.747309e-20,REACHED_FORCE,REACHED_FORCE,REACHED_FORCE,4,0,4,0,1,0,1.920148e-08,NaN,5.094549e-09,NaN,0.000000e+00,NaN,false
8,1.000000e+01,0,7,CONTINUE,1.870349e-06,1.000000e-09,1.870349e-07,2.220446e-14,3.545560e-29,REACHED_FORCE,REACHED_FORCE,REACHED_FORCE,3,0,3,0,1,0,1.474690e-08,NaN,3.917642e-09,NaN,0.000000e+00,NaN,false
8,3.162000e+01,0,6,CONTINUE,1.870349e-06,1.000000e-09,1.870349e-07,2.220446e-14,8.061805e-33,REACHED_FORCE,REACHED_FORCE,REACHED_FORCE,3,0,2,0,1,0,5.299756e-10,NaN,1.676923e-08,NaN,0.000000e+00,NaN,false
8,1.000000e+02,0,5,CONTINUE,1.870349e-06,1.000000e-09,1.870349e-07,2.220446e-14,5.263381e-33,REACHED_FORCE,REACHED_FORCE,REACHED_FORCE,2,0,2,0,1,0,6.595673e-09,NaN,1.737598e-09,NaN,0.000000e+00,NaN,false
8,3.162000e+02,0,5,CONTINUE,1.870349e-06,1.000000e-09,1.870349e-07,2.220446e-14,6.410082e-33,REACHED_FORCE,REACHED_FORCE,REACHED_FORCE,2,0,2,0,1,0,6.672251e-10,NaN,1.757582e-10,NaN,0.000000e+00,NaN,false
8,1.000000e+03,0,5,CONTINUE,1.870349e-06,1.000000e-09,1.870349e-07,2.220446e-14,1.152183e-32,REACHED_FORCE,REACHED_FORCE,REACHED_FORCE,2,0,2,0,1,0,6.695200e-11,NaN,1.763616e-11,NaN,0.000000e+00,NaN,false
8,3.162000e+03,0,4,CONTINUE,1.870349e-06,1.000000e-09,1.870349e-07,2.220446e-14,7.912251e-33,REACHED_FORCE,REACHED_FORCE,REACHED_FORCE,2,0,1,0,1,0,6.704032e-12,NaN,1.338708e-08,NaN,0.000000e+00,NaN,false
8,1.000000e+04,0,3,CONTINUE,1.870349e-06,1.000000e-09,1.870349e-07,2.220446e-14,9.545428e-33,REACHED_FORCE,REACHED_FORCE,REACHED_FORCE,1,0,1,0,1,0,1.598667e-08,NaN,4.234110e-09,NaN,0.000000e+00,NaN,true
8,3.162000e+04,0,3,CONTINUE,1.870349e-06,1.000000e-09,1.870349e-07,2.220446e-14,5.844372e-33,REACHED_FORCE,REACHED_FORCE,REACHED_FORCE,1,0,1,0,1,0,5.056028e-09,NaN,1.338948e-09,NaN,0.000000e+00,NaN,false
8,1.000000e+05,0,3,CONTINUE,1.870349e-06,1.000000e-09,1.870349e-07,2.220446e-14,3.915840e-33,REACHED_FORCE,REACHED_FORCE,REACHED_FORCE,1,0,1,0,1,0,1.598731e-09,NaN,4.233640e-10,NaN,0.000000e+00,NaN,false
8,3.162000e+05,0,3,CONTINUE,1.870349e-06,1.000000e-09,1.870349e-07,2.220446e-14,6.507819e-33,REACHED_FORCE,REACHED_FORCE,REACHED_FORCE,1,0,1,0,1,0,5.056092e-10,NaN,1.338901e-10,NaN,0.000000e+00,NaN,false
8,1.000000e+06,0,3,CONTINUE,1.870349e-06,1.000000e-09,1.870349e-07,2.220446e-14,3.822704e-33,REACHED_FORCE,REACHED_FORCE,REACHED_FORCE,1,0,1,0,1,0,1.598738e-10,NaN,4.233593e-11,NaN,0.000000e+00,NaN,false
8,3.162000e+06,0,3,CONTINUE,1.870349e-06,1.000000e-09,1.870349e-07,2.220446e-14,5.358617e-33,REACHED_FORCE,REACHED_FORCE,REACHED_FORCE,1,0,1,0,1,0,5.056098e-11,NaN,1.338896e-11,NaN,0.000000e+00,NaN,false
8,1.000000e+07,0,3,CONTINUE,1.870349e-06,1.000000e-09,1.870349e-07,2.220446e-14,5.538099e-33,REACHED_FORCE,REACHED_FORCE,REACHED_FORCE,1,0,1,0,1,0,1.598738e-11,NaN,1.940864e-11,NaN,0.000000e+00,NaN,false
8,3.162000e+07,0,3,CONTINUE,1.870349e-06,1.000000e-09,1.870349e-07,2.220446e-14,2.447098e-33,REACHED_FORCE,REACHED_FORCE,REACHED_FORCE,1,0,1,0,1,0,6.566288e-11,NaN,6.688051e-11,NaN,0.000000e+00,NaN,false
8,1.000000e+08,0,3,CONTINUE,1.870349e-06,1.000000e-09,1.870349e-07,2.220446e-14,4.484153e-33,REACHED_FORCE,REACHED_FORCE,REACHED_FORCE,1,0,1,0,1,0,2.042888e-10,NaN,2.150518e-10,NaN,0.000000e+00,NaN,false
8,3.162000e+08,0,3,CONTINUE,1.870349e-06,1.000000e-09,1.870349e-07,2.220446e-14,3.278282e-33,REACHED_FORCE,REACHED_FORCE,REACHED_FORCE,1,0,1,0,1,0,4.452174e-10,NaN,5.900201e-10,NaN,0.000000e+00,NaN,false
8,1.000000e+09,0,3,CONTINUE,1.870349e-06,1.000000e-09,1.870349e-07,2.220446e-14,3.182752e-33,REACHED_FORCE,REACHED_FORCE,REACHED_FORCE,1,0,1,0,1,0,1.501901e-09,NaN,1.983131e-09,NaN,0.000000e+00,NaN,false
8,3.162000e+09,0,3,CONTINUE,1.870349e-06,1.000000e-09,1.870349e-07,2.220446e-14,2.850009e-33,REACHED_FORCE,REACHED_FORCE,REACHED_FORCE,1,0,1,0,1,0,3.873066e-09,NaN,4.454841e-09,NaN,0.000000e+00,NaN,false
8,1.000000e+10,0,3,CONTINUE,1.870349e-06,1.000000e-09,1.870349e-07,2.220446e-14,4.456439e-33,REACHED_FORCE,REACHED_FORCE,REACHED_FORCE,1,0,1,0,1,0,1.933773e-08,NaN,1.976314e-08,NaN,0.000000e+00,NaN,false
9,1.000000e+00,0,12,CONTINUE,2.836792e-07,1.000000e-09,2.836792e-08,2.220446e-14,6.638085e-13,REACHED_FORCE,REACHED_FORCE,REACHED_FORCE,6,0,5,0,1,0,5.986148e-09,NaN,8.037266e-09,NaN,0.000000e+00,NaN,false
9,3.162000e+00,0,9,CONTINUE,2.836792e-07,1.000000e-09,2.836792e-08,2.220446e-14,1.749805e-20,REACHED_FORCE,REACHED_FORCE,REACHED_FORCE,4,0,4,0,1,0,7.144940e-09,NaN,1.893971e-09,NaN,0.000000e+00,NaN,false
9,1.000000e+01,0,7,CONTINUE,2.836792e-07,1.000000e-09,2.836792e-08,2.220446e-14,3.542961e-29,REACHED_FORCE,REACHED_FORCE,REACHED_FORCE,3,0,3,0,1,0,5.493235e-09,NaN,1.457903e-09,NaN,0.000000e+00,NaN,false
9,3.162000e+01,0,7,CONTINUE,2.836792e-07,1.000000e-09,2.836792e-08,2.220446e-14,7.427071e-33,REACHED_FORCE,REACHED_FORCE,REACHED_FORCE,3,0,3,0,1,0,1.974277e-10,NaN,5.240019e-11,NaN,0.000000e+00,NaN,false
9,1.000000e+02,0,5,CONTINUE,2.836792e-07,1.000000e-09,2.836792e-08,2.220446e-14,8.319207e-33,REACHED_FORCE,REACHED_FORCE,REACHED_FORCE,2,0,2,0,1,0,2.467059e-09,NaN,6.493651e-10,NaN,0.000000e+00,NaN,false
9,3.162000e+02,0,5,CONTINUE,2.836792e-07,1.000000e-09,2.836792e-08,2.220446e-14,5.636207e-33,REACHED_FORCE,REACHED_FORCE,REACHED_FORCE,2,0,2,0,1,0,2.495702e-10,NaN,6.568332e-11,NaN,0.000000e+00,NaN,false
9,1.000000e+03,0,5,CONTINUE,2.836792e-07,1.000000e-09,2.836792e-08,2.220446e-14,6.204151e-33,REACHED_FORCE,REACHED_FORCE,REACHED_FORCE,2,0,2,0,1,0,2.504286e-11,NaN,6.590882e-12,NaN,0.000000e+00,NaN,false
9,3.162000e+03,0,5,CONTINUE,2.836792e-07,1.000000e-09,2.836792e-08,2.220446e-14,7.221699e-33,REACHED_FORCE,REACHED_FORCE,REACHED_FORCE,2,0,2,0,1,0,2.507590e-12,NaN,6.599581e-13,NaN,0.000000e+00,NaN,false
9,1.000000e+04,0,4,CONTINUE,2.836792e-07,1.000000e-09,2.836792e-08,2.220446e-14,4.012761e-33,REACHED_FORCE,REACHED_FORCE,REACHED_FORCE,2,0,1,0,1,0,2.508056e-13,NaN,1.581236e-09,NaN,0.000000e+00,NaN,false
9,3.162000e+04,0,3,CONTINUE,2.836792e-07,1.000000e-09,2.836792e-08,2.220446e-14,6.558223e-33,REACHED_FORCE,REACHED_FORCE,REACHED_FORCE,1,0,1,0,1,0,1.890524e-09,NaN,5.001166e-10,NaN,0.000000e+00,NaN,true
9,1.000000e+05,0,3,CONTINUE,2.836792e-07,1.000000e-09,2.836792e-08,2.220446e-14,6.643339e-33,REACHED_FORCE,REACHED_FORCE,REACHED_FORCE,1,0,1,0,1,0,5.977893e-10,NaN,1.581326e-10,NaN,0.000000e+00,NaN,false
9,3.162000e+05,0,3,CONTINUE,2.836792e-07,1.000000e-09,2.836792e-08,2.220446e-14,3.345430e-33,REACHED_FORCE,REACHED_FORCE,REACHED_FORCE,1,0,1,0,1,0,1.890548e-10,NaN,5.000989e-11,NaN,0.000000e+00,NaN,false
9,1.000000e+06,0,3,CONTINUE,2.836792e-07,1.000000e-09,2.836792e-08,2.220446e-14,4.567971e-33,REACHED_FORCE,REACHED_FORCE,REACHED_FORCE,1,0,1,0,1,0,5.977917e-11,NaN,1.581309e-11,NaN,0.000000e+00,NaN,false
9,3.162000e+06,0,3,CONTINUE,2.836792e-07,1.000000e-09,2.836792e-08,2.220446e-14,3.186960e-33,REACHED_FORCE,REACHED_FORCE,REACHED_FORCE,1,0,1,0,1,0,1.890550e-11,NaN,5.000972e-12,NaN,0.000000e+00,NaN,false
9,1.000000e+07,0,3,CONTINUE,2.836792e-07,1.000000e-09,2.836792e-08,2.220446e-14,3.350350e-33,REACHED_FORCE,REACHED_FORCE,REACHED_FORCE,1,0,1,0,1,0,5.977920e-12,NaN,7.400537e-12,NaN,0.000000e+00,NaN,false
9,3.162000e+07,0,3,CONTINUE,2.836792e-07,1.000000e-09,2.836792e-08,2.220446e-14,5.028262e-33,REACHED_FORCE,REACHED_FORCE,REACHED_FORCE,1,0,1,0,1,0,2.555218e-11,NaN,3.587073e-11,NaN,0.000000e+00,NaN,false
9,1.000000e+08,0,3,CONTINUE,2.836792e-07,1.000000e-09,2.836792e-08,2.220446e-14,2.099458e-33,REACHED_FORCE,REACHED_FORCE,REACHED_FORCE,1,0,1,0,1,0,5.926082e-11,NaN,6.952566e-11,NaN,0.000000e+00,NaN,false
9,3.162000e+08,0,3,CONTINUE,2.836792e-07,1.000000e-09,2.836792e-08,2.220446e-14,2.606526e-33,REACHED_FORCE,REACHED_FORCE,REACHED_FORCE,1,0,1,0,1,0,2.101084e-10,NaN,2.167723e-10,NaN,0.000000e+00,NaN,false
9,1.000000e+09,0,3,CONTINUE,2.836792e-07,1.000000e-09,2.836792e-08,2.220446e-14,3.069584e-33,REACHED_FORCE,REACHED_FORCE,REACHED_FORCE,1,0,1,0,1,0,7.729257e-10,NaN,1.299291e-09,NaN,0.000000e+00,NaN,false
9,3.162000e+09,0,3,CONTINUE,2.836792e-07,1.000000e-09,2.836792e-08,2.220446e-14,3.236942e-33,REACHED_FORCE,REACHED_FORCE,REACHED_FORCE,1,0,1,0,1,0,1.989289e-09,NaN,2.652574e-09,NaN,0.000000e+00,NaN,false
9,1.000000e+10,0,3,CONTINUE,2.836792e-07,1.000000e-09,2.836792e-08,2.220446e-14,3.039636e-33,REACHED_FORCE,REACHED_FORCE,REACHED_FORCE,1,0,1,0,1,0,6.751905e-09,NaN,7.383503e-09,NaN,0.000000e+00,NaN,false
10,1.000000e+00,0,13,CONTINUE,4.304628e-08,1.000000e-09,4.304628e-09,2.220446e-14,6.639231e-13,REACHED_FORCE,REACHED_FORCE,REACHED_FORCE,6,0,6,0,1,0,2.227558e-09,NaN,5.872300e-10,NaN,0.000000e+00,NaN,false
10,3.162000e+00,0,10,CONTINUE,4.304628e-08,1.000000e-09,4.304628e-09,2.220446e-14,1.751730e-20,REACHED_FORCE,REACHED_FORCE,REACHED_FORCE,5,0,4,0,1,0,1.638153e-10,NaN,7.044203e-10,NaN,0.000000e+00,NaN,false
10,1.000000e+01,0,8,CONTINUE,4.304628e-08,1.000000e-09,4.304628e-09,2.220446e-14,3.536447e-29,REACHED_FORCE,REACHED_FORCE,REACHED_FORCE,4,0,3,0,1,0,4.439433e-11,NaN,5.427456e-10,NaN,0.000000e+00,NaN,false
10,3.162000e+01,0,7,CONTINUE,4.304628e-08,1.000000e-09,4.304628e-09,2.220446e-14,5.065553e-33,REACHED_FORCE,REACHED_FORCE,REACHED_FORCE,3,0,3,0,1,0,7.359196e-11,NaN,1.951277e-11,NaN,0.000000e+00,NaN,false
10,1.000000e+02,0,6,CONTINUE,4.304628e-08,1.000000e-09,4.304628e-09,2.220446e-14,7.377207e-33,REACHED_FORCE,REACHED_FORCE,REACHED_FORCE,3,0,2,0,1,0,2.425837e-12,NaN,2.427378e-10,NaN,0.000000e+00,NaN,false
10,3.162000e+02,0,5,CONTINUE,4.304628e-08,1.000000e-09,4.304628e-09,2.220446e-14,6.980748e-33,REACHED_FORCE,REACHED_FORCE,REACHED_FORCE,2,0,2,0,1,0,9.338886e-11,NaN,2.455643e-11,NaN,0.000000e+00,NaN,false
10,1.000000e+03,0,5,CONTINUE,4.304628e-08,1.000000e-09,4.304628e-09,2.220446e-14,9.571349e-33,REACHED_FORCE,REACHED_FORCE,REACHED_FORCE,2,0,2,0,1,0,9.371005e-12,NaN,2.464073e-12,NaN,0.000000e+00,NaN,false
10,3.162000e+03,0,5,CONTINUE,4.304628e-08,1.000000e-09,4.304628e-09,2.220446e-14,8.831655e-33,REACHED_FORCE,REACHED_FORCE,REACHED_FORCE,2,0,2,0,1,0,9.383364e-13,NaN,2.467325e-13,NaN,0.000000e+00,NaN,false
10,1.000000e+04,0,5,CONTINUE,4.304628e-08,1.000000e-09,4.304628e-09,2.220446e-14,6.565386e-33,REACHED_FORCE,REACHED_FORCE,REACHED_FORCE,2,0,2,0,1,0,9.385109e-14,NaN,2.467785e-14,NaN,0.000000e+00,NaN,false
10,3.162000e+04,0,4,CONTINUE,4.304628e-08,1.000000e-09,4.304628e-09,2.220446e-14,7.386679e-33,REACHED_FORCE,REACHED_FORCE,REACHED_FORCE,2,0,1,0,1,0,1.100736e-14,NaN,1.868500e-10,NaN,0.000000e+00,NaN,false
10,1.000000e+05,0,3,CONTINUE,4.304628e-08,1.000000e-09,4.304628e-09,2.220446e-14,2.197857e-33,REACHED_FORCE,REACHED_FORCE,REACHED_FORCE,1,0,1,0,1,0,2.236020e-10,NaN,5.908352e-11,NaN,0.000000e+00,NaN,true
10,3.162000e+05,0,3,CONTINUE,4.304628e-08,1.000000e-09,4.304628e-09,2.220446e-14,4.728853e-33,REACHED_FORCE,REACHED_FORCE,REACHED_FORCE,1,0,1,0,1,0,7.071558e-11,NaN,1.868533e-11,NaN,0.000000e+00,NaN,false
10,1.000000e+06,0,3,CONTINUE,4.304628e-08,1.000000e-09,4.304628e-09,2.220446e-14,3.961666e-33,REACHED_FORCE,REACHED_FORCE,REACHED_FORCE,1,0,1,0,1,0,2.236029e-11,NaN,5.908287e-12,NaN,0.000000e+00,NaN,false
10,3.162000e+06,0,3,CONTINUE,4.304628e-08,1.000000e-09,4.304628e-09,2.220446e-14,3.798583e-33,REACHED_FORCE,REACHED_FORCE,REACHED_FORCE,1,0,1,0,1,0,7.071567e-12,NaN,1.868527e-12,NaN,0.000000e+00,NaN,false
10,1.000000e+07,0,3,CONTINUE,4.304628e-08,1.000000e-09,4.304628e-09,2.220446e-14,3.962244e-33,REACHED_FORCE,REACHED_FORCE,REACHED_FORCE,1,0,1,0,1,0,2.321467e-12,NaN,2.566765e-12,NaN,0.000000e+00,NaN,false
10,3.162000e+07,0,3,CONTINUE,4.304628e-08,1.000000e-09,4.304628e-09,2.220446e-14,4.921196e-33,REACHED_FORCE,REACHED_FORCE,REACHED_FORCE,1,0,1,0,1,0,1.127290e-11,NaN,1.177596e-11,NaN,0.000000e+00,NaN,false
10,1.000000e+08,0,3,CONTINUE,4.304628e-08,1.000000e-09,4.304628e-09,2.220446e-14,4.665156e-33,REACHED_FORCE,REACHED_FORCE,REACHED_FORCE,1,0,1,0,1,0,2.574331e-11,NaN,3.419036e-11,NaN,0.000000e+00,NaN,false
10,3.162000e+08,0,3,CONTINUE,4.304628e-08,1.000000e-09,4.304628e-09,2.220446e-14,4.045098e-33,REACHED_FORCE,REACHED_FORCE,REACHED_FORCE,1,0,1,0,1,0,6.183176e-11,NaN,1.238228e-10,NaN,0.000000e+00,NaN,false
10,1.000000e+09,0,3,CONTINUE,4.304628e-08,1.000000e-09,4.304628e-09,2.220446e-14,2.986480e-33,REACHED_FORCE,REACHED_FORCE,REACHED_FORCE,1,0,1,0,1,0,2.159447e-10,NaN,2.887647e-10,NaN,0.000000e+00,NaN,false
10,3.162000e+09,0,3,CONTINUE,4.304628e-08,1.000000e-09,4.304628e-09,2.220446e-14,1.220686e-33,REACHED_FORCE,REACHED_FORCE,REACHED_FORCE,1,0,1,0,1,0,7.873180e-10,NaN,9.344126e-10,NaN,0.000000e+00,NaN,false
10,1.000000e+10,0,3,CONTINUE,4.304628e-08,1.000000e-09,4.304628e-09,2.220446e-14,2.499061e-33,REACHED_FORCE,REACHED_FORCE,REACHED_FORCE,1,0,1,0,1,0,3.004886e-09,NaN,3.115289e-09,NaN,0.000000e+00,NaN,false
11,1.000000e+00,0,14,CONTINUE,6.535474e-09,1.000000e-09,6.535474e-10,2.220446e-14,6.639172e-13,REACHED_FORCE,REACHED_FORCE,REACHED_FORCE,7,0,6,0,1,0,2.012690e-10,NaN,2.181485e-10,NaN,0.000000e+00,NaN,false
11,3.162000e+00,0,10,CONTINUE,6.535474e-09,1.000000e-09,6.535474e-10,2.220446e-14,1.753147e-20,REACHED_FORCE,REACHED_FORCE,REACHED_FORCE,5,0,4,0,1,0,6.108399e-11,NaN,2.622697e-10,NaN,0.000000e+00,NaN,false
11,1.000000e+01,0,8,CONTINUE,6.535474e-09,1.000000e-09,6.535474e-10,2.220446e-14,3.536174e-29,REACHED_FORCE,REACHED_FORCE,REACHED_FORCE,4,0,3,0,1,0,1.655775e-11,NaN,2.022153e-10,NaN,0.000000e+00,NaN,false
11,3.162000e+01,0,7,CONTINUE,6.535474e-09,1.000000e-09,6.535474e-10,2.220446e-14,6.509360e-33,REACHED_FORCE,REACHED_FORCE,REACHED_FORCE,3,0,3,0,1,0,2.744933e-11,NaN,7.270214e-12,NaN,0.000000e+00,NaN,false
11,1.000000e+02,0,6,CONTINUE,6.535474e-09,1.000000e-09,6.535474e-10,2.220446e-14,9.018427e-33,REACHED_FORCE,REACHED_FORCE,REACHED_FORCE,3,0,2,0,1,0,9.048325e-13,NaN,9.078562e-11,NaN,0.000000e+00,NaN,false
11,3.162000e+02,0,5,CONTINUE,6.535474e-09,1.000000e-09,6.535474e-10,2.220446e-14,7.015155e-33,REACHED_FORCE,REACHED_FORCE,REACHED_FORCE,2,0,2,0,1,0,3.496284e-11,NaN,9.184258e-12,NaN,0.000000e+00,NaN,false
11,1.000000e+03,0,5,CONTINUE,6.535474e-09,1.000000e-09,6.535474e-10,2.220446e-14,5.731083e-33,REACHED_FORCE,REACHED_FORCE,REACHED_FORCE,2,0,2,0,1,0,3.508307e-12,NaN,9.215781e-13,NaN,0.000000e+00,NaN,false
11,3.162000e+03,0,5,CONTINUE,6.535474e-09,1.000000e-09,6.535474e-10,2.220446e-14,8.765125e-33,REACHED_FORCE,REACHED_FORCE,REACHED_FORCE,2,0,2,0,1,0,3.512934e-13,NaN,9.227941e-14,NaN,0.000000e+00,NaN,false
11,1.000000e+04,0,5,CONTINUE,6.535474e-09,1.000000e-09,6.535474e-10,2.220446e-14,6.859397e-33,REACHED_FORCE,REACHED_FORCE,REACHED_FORCE,2,0,2,0,1,0,3.513586e-14,NaN,9.229671e-15,NaN,0.000000e+00,NaN,false
11,3.162000e+04,0,5,CONTINUE,6.535474e-09,1.000000e-09,6.535474e-10,2.220446e-14,7.540032e-33,REACHED_FORCE,REACHED_FORCE,REACHED_FORCE,2,0,2,0,1,0,4.741410e-15,NaN,5.022960e-15,NaN,0.000000e+00,NaN,false
11,1.000000e+05,0,4,CONTINUE,6.535474e-09,1.000000e-09,6.535474e-10,2.220446e-14,4.294027e-33,REACHED_FORCE,REACHED_FORCE,REACHED_FORCE,2,0,1,0,1,0,1.154992e-14,NaN,2.208240e-11,NaN,0.000000e+00,NaN,false
11,3.162000e+05,0,3,CONTINUE,6.535474e-09,1.000000e-09,6.535474e-10,2.220446e-14,2.816732e-33,REACHED_FORCE,REACHED_FORCE,REACHED_FORCE,1,0,1,0,1,0,2.646188e-11,NaN,6.983739e-12,NaN,0.000000e+00,NaN,true
11,1.000000e+06,0,3,CONTINUE,6.535474e-09,1.000000e-09,6.535474e-10,2.220446e-14,2.277573e-33,REACHED_FORCE,REACHED_FORCE,REACHED_FORCE,1,0,1,0,1,0,8.367256e-12,NaN,2.208252e-12,NaN,0.000000e+00,NaN,false
11,3.162000e+06,0,3,CONTINUE,6.535474e-09,1.000000e-09,6.535474e-10,2.220446e-14,3.631844e-33,REACHED_FORCE,REACHED_FORCE,REACHED_FORCE,1,0,1,0,1,0,2.646192e-12,NaN,6.983714e-13,NaN,0.000000e+00,NaN,false
11,1.000000e+07,0,3,CONTINUE,6.535474e-09,1.000000e-09,6.535474e-10,2.220446e-14,3.787284e-33,REACHED_FORCE,REACHED_FORCE,REACHED_FORCE,1,0,1,0,1,0,1.080378e-12,NaN,1.352091e-12,NaN,0.000000e+00,NaN,false
11,3.162000e+07,0,3,CONTINUE,6.535474e-09,1.000000e-09,6.535474e-10,2.220446e-14,4.216906e-33,REACHED_FORCE,REACHED_FORCE,REACHED_FORCE,1,0,1,0,1,0,3.137752e-12,NaN,6.243868e-12,NaN,0.000000e+00,NaN,false
11,1.000000e+08,0,3,CONTINUE,6.535474e-09,1.000000e-09,6.535474e-10,2.220446e-14,3.116034e-33,REACHED_FORCE,REACHED_FORCE,REACHED_FORCE,1,0,1,0,1,0,8.067190e-12,NaN,1.273974e-11,NaN,0.000000e+00,NaN,false
11,3.162000e+08,0,3,CONTINUE,6.535474e-09,1.000000e-09,6.535474e-10,2.220446e-14,1.987134e-33,REACHED_FORCE,REACHED_FORCE,REACHED_FORCE,1,0,1,0,1,0,4.422212e-11,NaN,3.662776e-11,NaN,0.000000e+00,NaN,false
11,1.000000e+09,0,3,CONTINUE,6.535474e-09,1.000000e-09,6.535474e-10,2.220446e-14,5.480482e-33,REACHED_FORCE,REACHED_FORCE,REACHED_FORCE,1,0,1,0,1,0,1.054225e-10,NaN,1.650430e-10,NaN,0.000000e+00,NaN,false
11,3.162000e+09,0,3,CONTINUE,6.535474e-09,1.000000e-09,6.535474e-10,2.220446e-14,1.708453e-33,REACHED_FORCE,REACHED_FORCE,REACHED_FORCE,1,0,1,0,1,0,2.787971e-10,NaN,5.281880e-10,NaN,0.000000e+00,NaN,false
11,1.000000e+10,0,5,CONTINUE,6.535474e-09,1.000000e-09,6.535474e-10,2.220446e-14,1.996969e-33,REACHED_FORCE,REACHED_FORCE,REACHED_FORCE,1,1,1,1,1,0,7.391519e-10,1.925028e-14,9.626571e-10,1.336277e-14,0.000000e+00,NaN,false
12,1.000000e+00,0,15,CONTINUE,9.928468e-10,1.000000e-09,9.928468e-11,2.220446e-14,6.637974e-13,REACHED_FORCE,REACHED_FORCE,REACHED_FORCE,7,0,7,0,1,0,7.505942e-11,NaN,1.968645e-11,NaN,0.000000e+00,NaN,false
12,3.162000e+00,0,11,CONTINUE,9.928468e-10,1.000000e-09,9.928468e-11,2.220446e-14,1.754116e-20,REACHED_FORCE,REACHED_FORCE,REACHED_FORCE,5,0,5,0,1,0,2.279909e-11,NaN,5.990709e-12,NaN,0.000000e+00,NaN,false
12,1.000000e+01,0,9,CONTINUE,9.928468e-10,1.000000e-09,9.928468e-11,2.220446e-14,3.528646e-29,REACHED_FORCE,REACHED_FORCE,REACHED_FORCE,4,0,4,0,1,0,6.179956e-12,NaN,1.631523e-12,NaN,0.000000e+00,NaN,false
12,3.162000e+01,0,7,CONTINUE,9.928468e-10,1.000000e-09,9.928468e-11,2.220446e-14,1.103032e-32,REACHED_FORCE,REACHED_FORCE,REACHED_FORCE,3,0,3,0,1,0,1.024476e-11,NaN,2.710240e-12,NaN,0.000000e+00,NaN,false
12,1.000000e+02,0,7,CONTINUE,9.928468e-10,1.000000e-09,9.928468e-11,2.220446e-14,5.149316e-33,REACHED_FORCE,REACHED_FORCE,REACHED_FORCE,3,0,3,0,1,0,3.377081e-13,NaN,8.934714e-14,NaN,0.000000e+00,NaN,false
12,3.162000e+02,0,5,CONTINUE,9.928468e-10,1.000000e-09,9.928468e-11,2.220446e-14,7.592273e-33,REACHED_FORCE,REACHED_FORCE,REACHED_FORCE,2,0,2,0,1,0,1.309558e-11,NaN,3.436309e-12,NaN,0.000000e+00,NaN,false
12,1.000000e+03,0,5,CONTINUE,9.928468e-10,1.000000e-09,9.928468e-11,2.220446e-14,7.316485e-33,REACHED_FORCE,REACHED_FORCE,REACHED_FORCE,2,0,2,0,1,0,1.314060e-12,NaN,3.448101e-13,NaN,0.000000e+00,NaN,false
12,3.162000e+03,0,5,CONTINUE,9.928468e-10,1.000000e-09,9.928468e-11,2.220446e-14,9.550054e-33,REACHED_FORCE,REACHED_FORCE,REACHED_FORCE,2,0,2,0,1,0,1.315793e-13,NaN,3.452650e-14,NaN,0.000000e+00,NaN,false
12,1.000000e+04,0,5,CONTINUE,9.928468e-10,1.000000e-09,9.928468e-11,2.220446e-14,6.791047e-33,REACHED_FORCE,REACHED_FORCE,REACHED_FORCE,2,0,2,0,1,0,1.316037e-14,NaN,3.453296e-15,NaN,0.000000e+00,NaN,false
12,3.162000e+04,0,5,CONTINUE,9.928468e-10,1.000000e-09,9.928468e-11,2.220446e-14,4.939180e-33,REACHED_FORCE,REACHED_FORCE,REACHED_FORCE,2,0,2,0,1,0,1.680672e-15,NaN,2.148989e-15,NaN,0.000000e+00,NaN,false
12,1.000000e+05,0,4,CONTINUE,9.928468e-10,1.000000e-09,9.928468e-11,2.220446e-14,3.391751e-33,REACHED_FORCE,REACHED_FORCE,REACHED_FORCE,2,0,1,0,1,0,4.913451e-15,NaN,8.256236e-12,NaN,0.000000e+00,NaN,false
12,3.162000e+05,0,3,CONTINUE,9.928468e-10,1.000000e-09,9.928468e-11,2.220446e-14,2.920390e-33,REACHED_FORCE,REACHED_FORCE,REACHED_FORCE,1,0,1,0,1,0,9.906285e-12,NaN,2.611102e-12,NaN,0.000000e+00,NaN,true
12,1.000000e+06,0,3,CONTINUE,9.928468e-10,1.000000e-09,9.928468e-11,2.220446e-14,4.292784e-33,REACHED_FORCE,REACHED_FORCE,REACHED_FORCE,1,0,1,0,1,0,3.132370e-12,NaN,8.256284e-13,NaN,0.000000e+00,NaN,false
12,3.162000e+06,0,3,CONTINUE,9.928468e-10,1.000000e-09,9.928468e-11,2.220446e-14,2.502104e-33,REACHED_FORCE,REACHED_FORCE,REACHED_FORCE,1,0,1,0,1,0,9.906297e-13,NaN,2.611093e-13,NaN,0.000000e+00,NaN,false
12,1.000000e+07,0,3,CONTINUE,9.928468e-10,1.000000e-09,9.928468e-11,2.220446e-14,6.333470e-33,REACHED_FORCE,REACHED_FORCE,REACHED_FORCE,1,0,1,0,1,0,3.132371e-13,NaN,4.168199e-13,NaN,0.000000e+00,NaN,false
12,3.162000e+07,0,3,CONTINUE,9.928468e-10,1.000000e-09,9.928468e-11,2.220446e-14,3.616919e-33,REACHED_FORCE,REACHED_FORCE,REACHED_FORCE,1,0,1,0,1,0,1.214169e-12,NaN,1.539818e-12,NaN,0.000000e+00,NaN,false
12,1.000000e+08,0,3,CONTINUE,9.928468e-10,1.000000e-09,9.928468e-11,2.220446e-14,3.943844e-33,REACHED_FORCE,REACHED_FORCE,REACHED_FORCE,1,0,1,0,1,0,3.987895e-12,NaN,5.027780e-12,NaN,0.000000e+00,NaN,false
12,3.162000e+08,0,3,CONTINUE,9.928468e-10,1.000000e-09,9.928468e-11,2.220446e-14,1.512109e-33,REACHED_FORCE,REACHED_FORCE,REACHED_FORCE,1,0,1,0,1,0,1.420735e-11,NaN,1.497750e-11,NaN,0.000000e+00,NaN,false
12,1.000000e+09,0,3,CONTINUE,9.928468e-10,1.000000e-09,9.928468e-11,2.220446e-14,1.611131e-33,REACHED_FORCE,REACHED_FORCE,REACHED_FORCE,1,0,1,0,1,0,3.282677e-11,NaN,3.605331e-11,NaN,0.000000e+00,NaN,false
12,3.162000e+09,0,5,CONTINUE,9.928468e-10,1.000000e-09,9.928468e-11,2.220446e-14,3.141852e-33,REACHED_FORCE,REACHED_FORCE,REACHED_FORCE,1,1,1,1,1,0,1.532527e-10,3.218175e-16,1.585719e-10,3.180918e-16,0.000000e+00,NaN,false
12,1.000000e+10,0,5,CONTINUE,9.928468e-10,1.000000e-09,9.928468e-11,2.220446e-14,2.402959e-33,REACHED_FORCE,REACHED_FORCE,REACHED_FORCE,1,1,1,1,1,0,3.727347e-10,1.013299e-14,5.451920e-10,8.250680e-15,0.000000e+00,NaN,false
13,1.000000e+00,0,16,CONTINUE,1.509314e-10,1.000000e-09,1.509314e-11,2.220446e-14,6.635729e-13,REACHED_FORCE,REACHED_FORCE,REACHED_FORCE,8,0,7,0,1,0,5.126630e-12,NaN,7.333913e-12,NaN,0.000000e+00,NaN,false
13,3.162000e+00,0,11,CONTINUE,1.509314e-10,1.000000e-09,1.509314e-11,2.220446e-14,1.754690e-20,REACHED_FORCE,REACHED_FORCE,REACHED_FORCE,5,0,5,0,1,0,8.517438e-12,NaN,2.234827e-12,NaN,0.000000e+00,NaN,false
13,1.000000e+01,0,9,CONTINUE,1.509314e-10,1.000000e-09,1.509314e-11,2.220446e-14,3.527065e-29,REACHED_FORCE,REACHED_FORCE,REACHED_FORCE,4,0,4,0,1,0,2.308186e-12,NaN,6.086117e-13,NaN,0.000000e+00,NaN,false
13,3.162000e+01,0,7,CONTINUE,1.509314e-10,1.000000e-09,1.509314e-11,2.220446e-14,7.028810e-33,REACHED_FORCE,REACHED_FORCE,REACHED_FORCE,3,0,3,0,1,0,3.825933e-12,NaN,1.010869e-12,NaN,0.000000e+00,NaN,false
13,1.000000e+02,0,7,CONTINUE,1.509314e-10,1.000000e-09,1.509314e-11,2.220446e-14,6.647020e-33,REACHED_FORCE,REACHED_FORCE,REACHED_FORCE,3,0,3,0,1,0,1.261185e-13,NaN,3.332493e-14,NaN,0.000000e+00,NaN,false
13,3.162000e+02,0,6,CONTINUE,1.509314e-10,1.000000e-09,1.509314e-11,2.220446e-14,6.726006e-33,REACHED_FORCE,REACHED_FORCE,REACHED_FORCE,3,0,2,0,1,0,4.042945e-15,NaN,1.286194e-12,NaN,0.000000e+00,NaN,false
13,1.000000e+03,0,5,CONTINUE,1.509314e-10,1.000000e-09,1.509314e-11,2.220446e-14,8.030419e-33,REACHED_FORCE,REACHED_FORCE,REACHED_FORCE,2,0,2,0,1,0,4.924285e-13,NaN,1.290625e-13,NaN,0.000000e+00,NaN,false
13,3.162000e+03,0,5,CONTINUE,1.509314e-10,1.000000e-09,1.509314e-11,2.220446e-14,5.485841e-33,REACHED_FORCE,REACHED_FORCE,REACHED_FORCE,2,0,2,0,1,0,4.930777e-14,NaN,1.292327e-14,NaN,0.000000e+00,NaN,false
13,1.000000e+04,0,5,CONTINUE,1.509314e-10,1.000000e-09,1.509314e-11,2.220446e-14,1.116756e-32,REACHED_FORCE,REACHED_FORCE,REACHED_FORCE,2,0,2,0,1,0,4.931693e-15,NaN,1.292566e-15,NaN,0.000000e+00,NaN,false
13,3.162000e+04,0,5,CONTINUE,1.509314e-10,1.000000e-09,1.509314e-11,2.220446e-14,5.934414e-33,REACHED_FORCE,REACHED_FORCE,REACHED_FORCE,2,0,2,0,1,0,8.608423e-16,NaN,9.550665e-16,NaN,0.000000e+00,NaN,false
13,1.000000e+05,0,5,CONTINUE,1.509314e-10,1.000000e-09,1.509314e-11,2.220446e-14,4.837699e-33,REACHED_FORCE,REACHED_FORCE,REACHED_FORCE,2,0,2,0,1,0,2.419496e-15,NaN,2.578403e-15,NaN,0.000000e+00,NaN,false
13,3.162000e+05,0,4,CONTINUE,1.509314e-10,1.000000e-09,1.509314e-11,2.220446e-14,3.756539e-33,REACHED_FORCE,REACHED_FORCE,REACHED_FORCE,2,0,1,0,1,0,6.670616e-15,NaN,9.765954e-13,NaN,0.000000e+00,NaN,false
13,1.000000e+06,0,3,CONTINUE,1.509314e-10,1.000000e-09,1.509314e-11,2.220446e-14,6.433625e-33,REACHED_FORCE,REACHED_FORCE,REACHED_FORCE,1,0,1,0,1,0,1.173161e-12,NaN,3.088003e-13,NaN,0.000000e+00,NaN,true
13,3.162000e+06,0,3,CONTINUE,1.509314e-10,1.000000e-09,1.509314e-11,2.220446e-14,4.123306e-33,REACHED_FORCE,REACHED_FORCE,REACHED_FORCE,1,0,1,0,1,0,3.710188e-13,NaN,9.765971e-14,NaN,0.000000e+00,NaN,false
13,1.000000e+07,0,3,CONTINUE,1.509314e-10,1.000000e-09,1.509314e-11,2.220446e-14,6.861402e-33,REACHED_FORCE,REACHED_FORCE,REACHED_FORCE,1,0,1,0,1,0,1.338104e-13,NaN,2.438799e-13,NaN,0.000000e+00,NaN,false
13,3.162000e+07,0,3,CONTINUE,1.509314e-10,1.000000e-09,1.509314e-11,2.220446e-14,4.439628e-33,REACHED_FORCE,REACHED_FORCE,REACHED_FORCE,1,0,1,0,1,0,8.585049e-13,NaN,1.163634e-12,NaN,0.000000e+00,NaN,false
13,1.000000e+08,0,3,CONTINUE,1.509314e-10,1.000000e-09,1.509314e-11,2.220446e-14,4.980367e-33,REACHED_FORCE,REACHED_FORCE,REACHED_FORCE,1,0,1,0,1,0,1.749996e-12,NaN,1.965273e-12,NaN,0.000000e+00,NaN,false
13,3.162000e+08,0,3,CONTINUE,1.509314e-10,1.000000e-09,1.509314e-11,2.220446e-14,4.045445e-33,REACHED_FORCE,REACHED_FORCE,REACHED_FORCE,1,0,1,0,1,0,4.241862e-12,NaN,6.230661e-12,NaN,0.000000e+00,NaN,false
13,1.000000e+09,0,4,CONTINUE,1.509314e-10,1.000000e-09,1.509314e-11,2.220446e-14,3.767348e-33,REACHED_FORCE,REACHED_FORCE,REACHED_FORCE,1,0,1,1,1,0,1.444554e-11,NaN,1.838399e-11,1.355422e-17,0.000000e+00,NaN,false
13,3.162000e+09,0,5,CONTINUE,1.509314e-10,1.000000e-09,1.509314e-11,2.220446e-14,2.250385e-33,REACHED_FORCE,REACHED_FORCE,REACHED_FORCE,1,1,1,1,1,0,4.237868e-11,3.058299e-16,5.391107e-11,3.318163e-16,0.000000e+00,NaN,false
13,1.000000e+10,0,5,CONTINUE,1.509314e-10,1.000000e-09,1.509314e-11,2.220446e-14,1.553455e-33,REACHED_FORCE,REACHED_FORCE,REACHED_FORCE,1,1,1,1,1,0,1.367850e-10,1.348107e-15,1.745814e-10,1.992951e-15,0.000000e+00,NaN,false
14,1.000000e+00,0,0,OPTIMAL,2.296104e-11,1.000000e-09,2.296104e-12,2.220446e-14,6.433625e-27,REACHED_FORCE,REACHED_FORCE,REACHED_FORCE,0,0,0,0,0,0,NaN,NaN,NaN,NaN,NaN,NaN,true
14,3.162000e+00,0,0,OPTIMAL,2.296104e-11,1.000000e-09,2.296104e-12,2.220446e-14,2.034669e-27,REACHED_FORCE,REACHED_FORCE,REACHED_FORCE,0,0,0,0,0,0,NaN,NaN,NaN,NaN,NaN,NaN,false
14,1.000000e+01,0,0,OPTIMAL,2.296104e-11,1.000000e-09,2.296104e-12,2.220446e-14,6.433625e-28,REACHED_FORCE,REACHED_FORCE,REACHED_FORCE,0,0,0,0,0,0,NaN,NaN,NaN,NaN,NaN,NaN,false
14,3.162000e+01,0,0,OPTIMAL,2.296104e-11,1.000000e-09,2.296104e-12,2.220446e-14,2.034669e-28,REACHED_FORCE,REACHED_FORCE,REACHED_FORCE,0,0,0,0,0,0,NaN,NaN,NaN,NaN,NaN,NaN,false
14,1.000000e+02,0,0,OPTIMAL,2.296104e-11,1.000000e-09,2.296104e-12,2.220446e-14,6.433625e-29,REACHED_FORCE,REACHED_FORCE,REACHED_FORCE,0,0,0,0,0,0,NaN,NaN,NaN,NaN,NaN,NaN,false
14,3.162000e+02,0,0,OPTIMAL,2.296104e-11,1.000000e-09,2.296104e-12,2.220446e-14,2.034669e-29,REACHED_FORCE,REACHED_FORCE,REACHED_FORCE,0,0,0,0,0,0,NaN,NaN,NaN,NaN,NaN,NaN,false
14,1.000000e+03,0,0,OPTIMAL,2.296104e-11,1.000000e-09,2.296104e-12,2.220446e-14,6.433625e-30,REACHED_FORCE,REACHED_FORCE,REACHED_FORCE,0,0,0,0,0,0,NaN,NaN,NaN,NaN,NaN,NaN,false
14,3.162000e+03,0,0,OPTIMAL,2.296104e-11,1.000000e-09,2.296104e-12,2.220446e-14,2.034669e-30,REACHED_FORCE,REACHED_FORCE,REACHED_FORCE,0,0,0,0,0,0,NaN,NaN,NaN,NaN,NaN,NaN,false
14,1.000000e+04,0,0,OPTIMAL,2.296104e-11,1.000000e-09,2.296104e-12,2.220446e-14,6.433625e-31,REACHED_FORCE,REACHED_FORCE,REACHED_FORCE,0,0,0,0,0,0,NaN,NaN,NaN,NaN,NaN,NaN,false
14,3.162000e+04,0,0,OPTIMAL,2.296104e-11,1.000000e-09,2.296104e-12,2.220446e-14,2.034669e-31,REACHED_FORCE,REACHED_FORCE,REACHED_FORCE,0,0,0,0,0,0,NaN,NaN,NaN,NaN,NaN,NaN,false
14,1.000000e+05,0,0,OPTIMAL,2.296104e-11,1.000000e-09,2.296104e-12,2.220446e-14,6.433625e-32,REACHED_FORCE,REACHED_FORCE,REACHED_FORCE,0,0,0,0,0,0,NaN,NaN,NaN,NaN,NaN,NaN,false
14,3.162000e+05,0,0,OPTIMAL,2.296104e-11,1.000000e-09,2.296104e-12,2.220446e-14,2.034669e-32,REACHED_FORCE,REACHED_FORCE,REACHED_FORCE,0,0,0,0,0,0,NaN,NaN,NaN,NaN,NaN,NaN,false
14,1.000000e+06,0,0,OPTIMAL,2.296104e-11,1.000000e-09,2.296104e-12,2.220446e-14,6.433625e-33,REACHED_FORCE,REACHED_FORCE,REACHED_FORCE,0,0,0,0,0,0,NaN,NaN,NaN,NaN,NaN,NaN,false
14,3.162000e+06,0,0,OPTIMAL,2.296104e-11,1.000000e-09,2.296104e-12,2.220446e-14,2.034669e-33,REACHED_FORCE,REACHED_FORCE,REACHED_FORCE,0,0,0,0,0,0,NaN,NaN,NaN,NaN,NaN,NaN,false
14,1.000000e+07,0,0,OPTIMAL,2.296104e-11,1.000000e-09,2.296104e-12,2.220446e-14,6.433625e-34,REACHED_FORCE,REACHED_FORCE,REACHED_FORCE,0,0,0,0,0,0,NaN,NaN,NaN,NaN,NaN,NaN,false
14,3.162000e+07,0,0,OPTIMAL,2.296104e-11,1.000000e-09,2.296104e-12,2.220446e-14,2.034669e-34,REACHED_FORCE,REACHED_FORCE,REACHED_FORCE,0,0,0,0,0,0,NaN,NaN,NaN,NaN,NaN,NaN,false
14,1.000000e+08,0,0,OPTIMAL,2.296104e-11,1.000000e-09,2.296104e-12,2.220446e-14,6.433625e-35,REACHED_FORCE,REACHED_FORCE,REACHED_FORCE,0,0,0,0,0,0,NaN,NaN,NaN,NaN,NaN,NaN,false
14,3.162000e+08,0,0,OPTIMAL,2.296104e-11,1.000000e-09,2.296104e-12,2.220446e-14,2.034669e-35,REACHED_FORCE,REACHED_FORCE,REACHED_FORCE,0,0,0,0,0,0,NaN,NaN,NaN,NaN,NaN,NaN,false
14,1.000000e+09,0,0,OPTIMAL,2.296104e-11,1.000000e-09,2.296104e-12,2.220446e-14,6.433625e-36,REACHED_FORCE,REACHED_FORCE,REACHED_FORCE,0,0,0,0,0,0,NaN,NaN,NaN,NaN,NaN,NaN,false
14,3.162000e+09,0,0,OPTIMAL,2.296104e-11,1.000000e-09,2.296104e-12,2.220446e-14,2.034669e-36,REACHED_FORCE,REACHED_FORCE,REACHED_FORCE,0,0,0,0,0,0,NaN,NaN,NaN,NaN,NaN,NaN,false
14,1.000000e+10,0,0,OPTIMAL,2.296104e-11,1.000000e-09,2.296104e-12,2.220446e-14,6.433625e-37,REACHED_FORCE,REACHED_FORCE,REACHED_FORCE,0,0,0,0,0,0,NaN,NaN,NaN,NaN,NaN,NaN,false
