iter,alpha,state,ncraig,ipm_status,mu,mu_next,rho,force_tol,floor_tol,sigma2min,step,tau,kappa,norm_dp,norm_dy,norm_y,hdiag_min,hdiag_max,pstat,cstat,wstat,pbase,prefn,ppass,cbase,crefn,cpass,wbase,wrefn,wpass,pres0,pres1,cres0,cres1,wres0,wres1,r0_p,r0_c,r0_w,craig_p,craig_c,craig_w,chosen
1,1.000000e+00,0,11,CONTINUE,1.614379e+07,2.011900e+06,1.000000e-09,1.000000e-01,4.176479e-10,6.703637e-12,8.909249e-01,,,4.346798e+03,7.909226e+03,7.046526e+03,6.924373e-08,6.040560e+00,REACHED_FORCE,REACHED_FORCE,,6,0,0,5,0,0,,,,1.858965e-06,NaN,1.619883e-06,NaN,,,6.895625e+03,1.072611e+03,,solution good enough for the tolerances given,solution good enough for the tolerances given,,false
1,3.162000e+00,0,11,CONTINUE,1.614379e+07,2.011901e+06,1.000000e-09,1.000000e-01,4.176479e-10,6.703503e-12,8.909249e-01,,,4.346874e+03,7.909226e+03,7.046526e+03,6.924373e-08,6.040560e+00,REACHED_FORCE,REACHED_FORCE,,6,0,0,5,0,0,,,,1.860478e-06,NaN,1.242726e-06,NaN,,,2.482888e+03,6.919913e+02,,solution good enough for the tolerances given,solution good enough for the tolerances given,,false
1,1.000000e+01,0,9,CONTINUE,1.614379e+07,2.011881e+06,1.000000e-09,1.000000e-01,4.176479e-10,6.703503e-12,8.909237e-01,,,4.346905e+03,7.909262e+03,7.046549e+03,6.924373e-08,6.040560e+00,REACHED_FORCE,REACHED_FORCE,,5,0,0,4,0,0,,,,1.999714e-06,NaN,3.400335e-06,NaN,,,9.109187e+02,3.363729e+02,,solution good enough for the tolerances given,solution good enough for the tolerances given,,false
1,3.162000e+01,0,7,CONTINUE,1.614379e+07,2.011865e+06,1.000000e-09,1.000000e-01,4.176479e-10,4.530131e-12,8.909248e-01,,,4.346960e+03,7.909306e+03,7.046597e+03,6.924373e-08,6.040560e+00,REACHED_FORCE,REACHED_FORCE,,4,0,0,3,0,0,,,,2.072745e-06,NaN,1.932503e-06,NaN,,,3.158172e+02,1.289511e+02,,solution good enough for the tolerances given,solution good enough for the tolerances given,,false
1,1.000000e+02,0,6,CONTINUE,1.614379e+07,2.011899e+06,1.000000e-09,1.000000e-01,4.176479e-10,3.969002e-12,8.909250e-01,,,4.346872e+03,7.909288e+03,7.046582e+03,6.924373e-08,6.040560e+00,REACHED_FORCE,REACHED_FORCE,,3,0,0,3,0,0,,,,2.013670e-06,NaN,1.410875e-06,NaN,,,1.037329e+02,4.374429e+01,,solution good enough for the tolerances given,solution good enough for the tolerances given,,false
1,3.162000e+02,0,5,CONTINUE,1.614379e+07,2.011892e+06,1.000000e-09,1.000000e-01,4.176479e-10,3.968990e-12,8.909251e-01,,,4.346894e+03,7.909713e+03,7.046961e+03,6.924373e-08,6.040560e+00,REACHED_FORCE,REACHED_FORCE,,3,0,0,2,0,0,,,,2.352591e-06,NaN,1.695642e-06,NaN,,,3.324204e+01,1.416205e+01,,solution good enough for the tolerances given,solution good enough for the tolerances given,,false
1,1.000000e+03,0,4,CONTINUE,1.614379e+07,2.011902e+06,1.000000e-09,1.000000e-01,4.176479e-10,3.308757e-12,8.909245e-01,,,4.346866e+03,7.911959e+03,7.048958e+03,6.924373e-08,6.040560e+00,REACHED_FORCE,REACHED_FORCE,,2,0,0,2,0,0,,,,2.373106e-06,NaN,1.281511e-06,NaN,,,1.055662e+01,4.511947e+00,,solution good enough for the tolerances given,solution good enough for the tolerances given,,false
1,3.162000e+03,0,4,CONTINUE,1.614379e+07,2.011900e+06,1.000000e-09,1.000000e-01,4.176479e-10,3.308708e-12,8.909245e-01,,,4.346830e+03,7.936442e+03,7.070771e+03,6.924373e-08,6.040560e+00,REACHED_FORCE,REACHED_FORCE,,2,0,0,2,0,0,,,,1.933034e-06,NaN,1.251174e-06,NaN,,,3.343665e+00,1.430987e+00,,solution good enough for the tolerances given,solution good enough for the tolerances given,,false
1,1.000000e+04,0,4,CONTINUE,1.614379e+07,2.011900e+06,1.000000e-09,1.000000e-01,4.176479e-10,3.308707e-12,8.909239e-01,,,4.346730e+03,8.178627e+03,7.286534e+03,6.924373e-08,6.040560e+00,REACHED_FORCE,REACHED_FORCE,,2,0,0,2,0,0,,,,1.937189e-06,NaN,1.283952e-06,NaN,,,1.059266e+00,4.547872e-01,,solution good enough for the tolerances given,solution good enough for the tolerances given,,false
1,3.162000e+04,0,4,CONTINUE,1.614379e+07,2.011900e+06,1.000000e-09,1.000000e-01,4.176479e-10,3.291898e-12,8.909216e-01,,,4.346405e+03,1.040162e+04,9.267031e+03,6.924373e-08,6.040560e+00,REACHED_FORCE,REACHED_FORCE,,2,0,0,2,0,0,,,,2.090293e-06,NaN,1.400302e-06,NaN,,,3.398683e-01,1.499255e-01,,solution good enough for the tolerances given,solution good enough for the tolerances given,,false
1,1.000000e+05,0,3,CONTINUE,1.614379e+07,2.012005e+06,1.000000e-09,1.000000e-01,4.176479e-10,3.107217e-12,8.909101e-01,,,4.345713e+03,1.991766e+04,1.774485e+04,6.924373e-08,6.040560e+00,REACHED_FORCE,REACHED_FORCE,,2,0,0,1,0,0,,,,2.586842e-06,NaN,1.799619e-06,NaN,,,1.216637e-01,6.341497e-02,,solution good enough for the tolerances given,solution good enough for the tolerances given,,false
1,3.162000e+05,0,2,CONTINUE,1.614379e+07,2.011988e+06,1.000000e-09,1.000000e-01,4.176479e-10,3.107221e-12,8.909020e-01,,,4.344770e+03,3.365252e+04,2.998109e+04,6.924373e-08,6.040560e+00,REACHED_FORCE,REACHED_FORCE,,1,0,0,1,0,0,,,,2.552814e-06,NaN,1.421508e-06,NaN,,,6.871151e-02,4.657628e-02,,solution good enough for the tolerances given,solution good enough for the tolerances given,,true
1,1.000000e+06,0,2,CONTINUE,1.614379e+07,2.012132e+06,1.000000e-09,1.000000e-01,4.176479e-10,3.107185e-12,8.908572e-01,,,4.340252e+03,1.030098e+05,9.176699e+04,6.924373e-08,6.040560e+00,REACHED_FORCE,REACHED_FORCE,,1,0,0,1,0,0,,,,2.041457e-06,NaN,1.299834e-06,NaN,,,6.064785e-02,4.414596e-02,,solution good enough for the tolerances given,solution good enough for the tolerances given,,false
1,3.162000e+06,0,2,CONTINUE,1.614379e+07,2.012615e+06,1.000000e-09,1.000000e-01,4.176479e-10,3.106114e-12,8.907182e-01,,,4.327048e+03,3.177883e+05,2.830598e+05,6.924373e-08,6.040560e+00,REACHED_FORCE,REACHED_FORCE,,1,0,0,1,0,0,,,,1.843939e-06,NaN,1.255358e-06,NaN,,,5.889420e-02,4.273070e-02,,solution good enough for the tolerances given,solution good enough for the tolerances given,,false
1,1.000000e+07,0,2,CONTINUE,1.614379e+07,2.014123e+06,1.000000e-09,1.000000e-01,4.176479e-10,3.103154e-12,8.903253e-01,,,4.293786e+03,9.435870e+05,8.400994e+05,6.924373e-08,6.040560e+00,REACHED_FORCE,REACHED_FORCE,,1,0,0,1,0,0,,,,1.678152e-06,NaN,1.224906e-06,NaN,,,5.617265e-02,3.959088e-02,,solution good enough for the tolerances given,solution good enough for the tolerances given,,false
1,3.162000e+07,0,2,CONTINUE,1.614379e+07,2.019813e+06,1.000000e-09,1.000000e-01,4.176479e-10,3.051928e-12,8.893944e-01,,,4.238451e+03,2.580706e+06,2.295266e+06,6.924373e-08,6.040560e+00,REACHED_FORCE,REACHED_FORCE,,1,0,0,1,0,0,,,,1.382677e-06,NaN,1.181177e-06,NaN,,,4.988002e-02,3.423293e-02,,solution good enough for the tolerances given,solution good enough for the tolerances given,,false
1,1.000000e+08,0,2,CONTINUE,1.614379e+07,2.036759e+06,1.000000e-09,1.000000e-01,4.176479e-10,3.051922e-12,8.878254e-01,,,4.200434e+03,6.760196e+06,6.001874e+06,6.924373e-08,6.040560e+00,REACHED_FORCE,REACHED_FORCE,,1,0,0,1,0,0,,,,1.206231e-06,NaN,1.129661e-06,NaN,,,4.017260e-02,3.110892e-02,,solution good enough for the tolerances given,solution good enough for the tolerances given,,false
1,3.162000e+08,0,2,CONTINUE,1.614379e+07,2.074961e+06,1.000000e-09,1.000000e-01,4.176479e-10,3.051407e-12,8.851987e-01,,,4.187243e+03,1.947491e+07,1.723916e+07,6.924373e-08,6.040560e+00,REACHED_FORCE,REACHED_FORCE,,1,0,0,1,0,0,,,,1.145661e-06,NaN,1.091698e-06,NaN,,,3.304436e-02,3.059452e-02,,solution good enough for the tolerances given,solution good enough for the tolerances given,,false
1,1.000000e+09,0,2,CONTINUE,1.614379e+07,2.150967e+06,1.000000e-09,1.000000e-01,4.176479e-10,9.407667e-13,8.783033e-01,,,4.165919e+03,5.834502e+07,5.124463e+07,6.924373e-08,6.040560e+00,REACHED_FORCE,REACHED_FORCE,,1,0,0,1,0,0,,,,1.089542e-06,NaN,1.024948e-06,NaN,,,3.035165e-02,2.871569e-02,,solution good enough for the tolerances given,solution good enough for the tolerances given,,false
1,3.162000e+09,0,2,CONTINUE,1.614379e+07,2.307479e+06,1.000000e-09,1.000000e-01,4.176479e-10,7.913995e-13,8.593953e-01,,,4.137280e+03,1.625325e+08,1.396797e+08,6.924373e-08,6.040560e+00,REACHED_FORCE,REACHED_FORCE,,1,0,0,1,0,0,,,,1.003554e-06,NaN,8.382665e-07,NaN,,,2.813827e-02,2.369485e-02,,solution good enough for the tolerances given,solution good enough for the tolerances given,,false
1,1.000000e+10,0,2,CONTINUE,1.614379e+07,2.565571e+06,1.000000e-09,1.000000e-01,4.176479e-10,7.914005e-13,8.212402e-01,,,4.200570e+03,3.712375e+08,3.048752e+08,6.924373e-08,6.040560e+00,REACHED_FORCE,REACHED_FORCE,,1,0,0,1,0,0,,,,1.872543e-06,NaN,1.352829e-06,NaN,,,2.360441e-02,1.411424e-02,,solution good enough for the tolerances given,solution good enough for the tolerances given,,false
1,3.162000e+10,0,2,CONTINUE,1.614379e+07,3.484617e+06,1.000000e-09,1.000000e-01,4.176479e-10,7.914048e-13,7.522505e-01,,,4.447753e+03,6.226010e+08,4.683519e+08,6.924373e-08,6.040560e+00,REACHED_FORCE,REACHED_FORCE,,1,0,0,1,0,0,,,,4.131921e-06,NaN,3.833628e-06,NaN,,,1.632670e-02,5.792592e-03,,solution good enough for the tolerances given,solution good enough for the tolerances given,,false
1,1.000000e+11,0,2,CONTINUE,1.614379e+07,4.220247e+06,1.000000e-09,1.000000e-01,4.176479e-10,7.914153e-13,7.323461e-01,,,4.943264e+03,8.541849e+08,6.255590e+08,6.924373e-08,6.040560e+00,REACHED_FORCE,REACHED_FORCE,,1,0,0,1,0,0,,,,2.109531e-05,NaN,1.385109e-05,NaN,,,9.462762e-03,4.144420e-03,,solution good enough for the tolerances given,solution good enough for the tolerances given,,false
1,3.162000e+11,0,2,CONTINUE,1.614379e+07,3.636699e+06,1.000000e-09,1.000000e-01,4.176479e-10,7.914557e-13,8.207444e-01,,,5.851059e+03,7.772691e+08,6.379393e+08,6.924373e-08,6.040560e+00,REACHED_FORCE,REACHED_FORCE,,1,0,0,1,0,0,,,,5.762548e-05,NaN,5.080512e-05,NaN,,,5.056924e-03,3.414478e-03,,solution good enough for the tolerances given,solution good enough for the tolerances given,,false
1,1.000000e+12,0,2,CONTINUE,1.614379e+07,3.824458e+06,1.000000e-09,1.000000e-01,4.176479e-10,7.915696e-13,9.341629e-01,,,6.091851e+03,6.537566e+08,6.107152e+08,6.924373e-08,6.040560e+00,REACHED_FORCE,REACHED_FORCE,,1,0,0,1,0,0,,,,1.788235e-04,NaN,1.112158e-04,NaN,,,2.352692e-03,2.790023e-03,,solution good enough for the tolerances given,solution good enough for the tolerances given,,false
1,3.162000e+12,0,2,CONTINUE,1.614379e+07,6.679344e+06,1.000000e-09,1.000000e-01,4.176479e-10,7.919044e-13,8.712797e-01,,,5.707085e+03,1.821257e+09,1.586825e+09,6.924373e-08,6.040560e+00,REACHED_FORCE,REACHED_FORCE,,1,0,0,1,0,0,,,,5.509635e-04,NaN,3.270505e-04,NaN,,,9.269978e-04,1.495037e-03,,solution good enough for the tolerances given,solution good enough for the tolerances given,,false
1,1.000000e+13,0,2,CONTINUE,1.614379e+07,7.883302e+06,1.000000e-09,1.000000e-01,4.176479e-10,7.924124e-13,8.468581e-01,,,5.368909e+03,2.879101e+09,2.438190e+09,6.924373e-08,6.040560e+00,REACHED_FORCE,REACHED_FORCE,,1,0,0,1,0,0,,,,1.904581e-03,NaN,1.943791e-03,NaN,,,3.247068e-04,6.104570e-04,,solution good enough for the tolerances given,solution good enough for the tolerances given,,false
1,3.162000e+13,0,2,CONTINUE,1.614379e+07,8.209189e+06,1.000000e-09,1.000000e-01,4.176479e-10,7.955938e-13,8.471943e-01,,,5.217325e+03,3.383722e+09,2.866670e+09,6.924373e-08,6.040560e+00,REACHED_FORCE,REACHED_FORCE,,1,0,0,1,0,0,,,,8.602357e-03,NaN,4.483978e-03,NaN,,,1.067932e-04,2.126924e-04,,solution good enough for the tolerances given,solution good enough for the tolerances given,,false
1,1.000000e+14,0,2,CONTINUE,1.614379e+07,7.694370e+06,1.000000e-09,1.000000e-01,4.176479e-10,8.058316e-13,8.975129e-01,,,5.269274e+03,3.529265e+09,3.167561e+09,6.924373e-08,6.040560e+00,REACHED_FORCE,REACHED_FORCE,,1,0,0,1,0,0,,,,1.548237e-02,NaN,1.143852e-02,NaN,,,3.316563e-05,6.792461e-05,,solution good enough for the tolerances given,solution good enough for the tolerances given,,false
2,1.000000e+00,0,26,CONTINUE,2.011988e+06,6.437880e+05,1.000000e-09,1.246293e-02,4.558434e-11,3.611723e-11,8.301275e-01,,,4.676313e+03,8.299181e+07,6.888661e+07,6.924373e-08,1.618755e+01,REACHED_FORCE,REACHED_FORCE,,13,0,0,13,0,0,,,,1.015969e-06,NaN,1.640192e-07,NaN,,,2.541385e+03,6.006992e+02,,solution good enough for the tolerances given,solution good enough for the tolerances given,,false
2,3.162000e+00,0,20,CONTINUE,2.011988e+06,6.437964e+05,1.000000e-09,1.246293e-02,4.558434e-11,3.611715e-11,8.301244e-01,,,4.676198e+03,8.299233e+07,6.888678e+07,6.924373e-08,1.618755e+01,REACHED_FORCE,REACHED_FORCE,,11,0,0,9,0,0,,,,2.944517e-07,NaN,2.062303e-06,NaN,,,1.056665e+03,2.948249e+02,,solution good enough for the tolerances given,solution good enough for the tolerances given,,false
2,1.000000e+01,0,18,CONTINUE,2.011988e+06,6.437931e+05,1.000000e-09,1.246293e-02,4.558434e-11,2.014872e-11,8.301263e-01,,,4.676343e+03,8.299223e+07,6.888685e+07,6.924373e-08,1.618755e+01,REACHED_FORCE,REACHED_FORCE,,9,0,0,9,0,0,,,,2.541794e-07,NaN,1.147421e-07,NaN,,,3.822379e+02,1.140193e+02,,solution good enough for the tolerances given,solution good enough for the tolerances given,,false
2,3.162000e+01,0,17,CONTINUE,2.011988e+06,6.437933e+05,1.000000e-09,1.246293e-02,4.558434e-11,1.986130e-11,8.301263e-01,,,4.676342e+03,8.299225e+07,6.888687e+07,6.924373e-08,1.618755e+01,REACHED_FORCE,REACHED_FORCE,,9,0,0,8,0,0,,,,2.423301e-07,NaN,1.143714e-07,NaN,,,1.272835e+02,3.883635e+01,,solution good enough for the tolerances given,solution good enough for the tolerances given,,false
2,1.000000e+02,0,13,CONTINUE,2.011988e+06,7.049119e+05,1.000000e-09,1.246293e-02,4.558434e-11,1.986126e-11,6.174819e-01,,,8.848318e+03,1.147175e+08,7.085231e+07,6.924373e-08,1.618755e+01,REACHED_FORCE,REACHED_FORCE,,8,0,0,5,0,0,,,,2.405470e-07,NaN,2.747084e-06,NaN,,,4.095670e+01,1.258809e+01,,solution good enough for the tolerances given,solution good enough for the tolerances given,,false
2,3.162000e+02,0,9,CONTINUE,2.011988e+06,7.777364e+05,1.000000e-09,1.246293e-02,4.558434e-11,1.792173e-11,6.183894e-01,,,8.582714e+03,8.600080e+07,5.320073e+07,6.924373e-08,1.618755e+01,REACHED_FORCE,REACHED_FORCE,,5,0,0,4,0,0,,,,5.729904e-06,NaN,2.469125e-06,NaN,,,1.302625e+01,4.041131e+00,,solution good enough for the tolerances given,solution good enough for the tolerances given,,false
2,1.000000e+03,0,9,CONTINUE,2.011988e+06,7.777406e+05,1.000000e-09,1.246293e-02,4.558434e-11,1.792169e-11,6.183840e-01,,,8.582734e+03,8.600412e+07,5.320232e+07,6.924373e-08,1.618755e+01,REACHED_FORCE,REACHED_FORCE,,5,0,0,4,0,0,,,,5.285920e-06,NaN,8.827555e-07,NaN,,,4.126426e+00,1.305566e+00,,solution good enough for the tolerances given,solution good enough for the tolerances given,,false
2,3.162000e+03,0,7,CONTINUE,2.011988e+06,7.775103e+05,1.000000e-09,1.246293e-02,4.558434e-11,1.792169e-11,6.184797e-01,,,8.582689e+03,8.601118e+07,5.321492e+07,6.924373e-08,1.618755e+01,REACHED_FORCE,REACHED_FORCE,,4,0,0,3,0,0,,,,5.112225e-06,NaN,1.516187e-05,NaN,,,1.306071e+00,4.844836e-01,,solution good enough for the tolerances given,solution good enough for the tolerances given,,false
2,1.000000e+04,0,7,CONTINUE,2.011988e+06,7.776623e+05,1.000000e-09,1.246293e-02,4.558434e-11,1.791939e-11,6.183884e-01,,,8.584108e+03,8.603670e+07,5.322284e+07,6.924373e-08,1.618755e+01,REACHED_FORCE,REACHED_FORCE,,4,0,0,3,0,0,,,,4.936879e-06,NaN,1.321968e-06,NaN,,,4.140659e-01,2.956565e-01,,solution good enough for the tolerances given,solution good enough for the tolerances given,,false
2,3.162000e+04,0,6,CONTINUE,2.011988e+06,7.773983e+05,1.000000e-09,1.246293e-02,4.558434e-11,1.790881e-11,6.184618e-01,,,8.583373e+03,8.605208e+07,5.323867e+07,6.924373e-08,1.618755e+01,REACHED_FORCE,REACHED_FORCE,,3,0,0,3,0,0,,,,6.652552e-06,NaN,8.845658e-07,NaN,,,1.341149e-01,2.691930e-01,,solution good enough for the tolerances given,solution good enough for the tolerances given,,false
2,1.000000e+05,0,6,CONTINUE,2.011988e+06,7.770445e+05,1.000000e-09,1.246293e-02,4.558434e-11,1.790881e-11,6.184424e-01,,,8.593089e+03,8.626357e+07,5.336779e+07,6.924373e-08,1.618755e+01,REACHED_FORCE,REACHED_FORCE,,3,0,0,3,0,0,,,,4.869561e-06,NaN,8.850369e-07,NaN,,,5.133433e-02,2.655234e-01,,solution good enough for the tolerances given,solution good enough for the tolerances given,,false
2,3.162000e+05,0,6,CONTINUE,2.011988e+06,7.754809e+05,1.000000e-09,1.246293e-02,4.558434e-11,1.790878e-11,6.185871e-01,,,8.615562e+03,8.682794e+07,5.372937e+07,6.924373e-08,1.618755e+01,REACHED_FORCE,REACHED_FORCE,,3,0,0,3,0,0,,,,4.845324e-06,NaN,9.094321e-07,NaN,,,3.316907e-02,2.620175e-01,,solution good enough for the tolerances given,solution good enough for the tolerances given,,false
2,1.000000e+06,0,6,CONTINUE,2.011988e+06,7.702150e+05,1.000000e-09,1.246293e-02,4.558434e-11,1.782306e-11,6.192061e-01,,,8.683095e+03,8.854181e+07,5.484430e+07,6.924373e-08,1.618755e+01,REACHED_FORCE,REACHED_FORCE,,3,0,0,3,0,0,,,,4.712962e-06,NaN,1.163830e-06,NaN,,,3.076075e-02,2.519043e-01,,solution good enough for the tolerances given,solution good enough for the tolerances given,,false
2,3.162000e+06,0,7,CONTINUE,2.011988e+06,6.693484e+05,1.000000e-09,1.246293e-02,4.558434e-11,1.787915e-11,7.911663e-01,,,5.094115e+03,7.097517e+07,5.615178e+07,6.924373e-08,1.618755e+01,REACHED_FORCE,REACHED_FORCE,,3,0,0,4,0,0,,,,4.350557e-06,NaN,1.875254e-07,NaN,,,3.048799e-02,2.214420e-01,,solution good enough for the tolerances given,solution good enough for the tolerances given,,false
2,1.000000e+07,0,7,CONTINUE,2.011988e+06,6.142161e+05,1.000000e-09,1.246293e-02,4.558434e-11,1.777888e-11,8.353218e-01,,,4.947920e+03,7.608992e+07,6.355537e+07,6.924373e-08,1.618755e+01,REACHED_FORCE,REACHED_FORCE,,3,0,0,4,0,0,,,,3.370016e-06,NaN,1.552710e-07,NaN,,,3.039683e-02,1.330473e-01,,solution good enough for the tolerances given,solution good enough for the tolerances given,,false
2,3.162000e+07,0,6,CONTINUE,2.011988e+06,6.397733e+05,1.000000e-09,1.246293e-02,4.558434e-11,1.760929e-11,8.346946e-01,,,4.666935e+03,8.399541e+07,7.010344e+07,6.924373e-08,1.618755e+01,REACHED_FORCE,REACHED_FORCE,,3,0,0,3,0,0,,,,7.824985e-07,NaN,2.982984e-07,NaN,,,3.020859e-02,4.641510e-02,,solution good enough for the tolerances given,solution good enough for the tolerances given,,false
2,1.000000e+08,0,6,CONTINUE,2.011988e+06,6.287992e+05,1.000000e-09,1.246293e-02,4.558434e-11,1.012847e-11,8.458883e-01,,,4.594242e+03,8.745677e+07,7.397145e+07,6.924373e-08,1.618755e+01,REACHED_FORCE,REACHED_FORCE,,3,0,0,3,0,0,,,,2.734541e-07,NaN,9.334632e-08,NaN,,,2.968503e-02,4.684480e-02,,solution good enough for the tolerances given,solution good enough for the tolerances given,,false
2,3.162000e+08,0,5,CONTINUE,2.011988e+06,6.332431e+05,1.000000e-09,1.246293e-02,4.558434e-11,9.468690e-12,8.471556e-01,,,4.615293e+03,9.102950e+07,7.710932e+07,6.924373e-08,1.618755e+01,REACHED_FORCE,REACHED_FORCE,,2,0,0,3,0,0,,,,2.277116e-07,NaN,8.755532e-08,NaN,,,2.819825e-02,4.281398e-02,,solution good enough for the tolerances given,solution good enough for the tolerances given,,false
2,1.000000e+09,0,4,CONTINUE,2.011988e+06,6.324289e+05,1.000000e-09,1.246293e-02,4.558434e-11,9.468662e-12,8.561293e-01,,,4.662332e+03,1.006638e+08,8.617487e+07,6.924373e-08,1.618755e+01,REACHED_FORCE,REACHED_FORCE,,2,0,0,2,0,0,,,,1.946484e-07,NaN,1.486115e-07,NaN,,,2.446950e-02,3.755269e-02,,solution good enough for the tolerances given,solution good enough for the tolerances given,,false
2,3.162000e+09,0,4,CONTINUE,2.011988e+06,6.795013e+05,1.000000e-09,1.246293e-02,4.558434e-11,9.468734e-12,8.314165e-01,,,4.864464e+03,1.143923e+08,9.510191e+07,6.924373e-08,1.618755e+01,REACHED_FORCE,REACHED_FORCE,,2,0,0,2,0,0,,,,3.622971e-07,NaN,3.177124e-07,NaN,,,1.775221e-02,2.633956e-02,,solution good enough for the tolerances given,solution good enough for the tolerances given,,false
2,1.000000e+10,0,2,CONTINUE,2.011988e+06,4.884069e+05,1.000000e-09,1.246293e-02,4.558434e-11,9.468781e-12,7.855712e-01,,,5.071084e+03,9.411830e+07,7.394458e+07,6.924373e-08,1.618755e+01,REACHED_FORCE,REACHED_FORCE,,1,0,0,1,0,0,,,,6.254976e-07,NaN,1.296735e-06,NaN,,,1.045728e-02,5.985341e-03,,solution good enough for the tolerances given,solution good enough for the tolerances given,,true
2,3.162000e+10,0,2,CONTINUE,2.011988e+06,4.602111e+05,1.000000e-09,1.246293e-02,4.558434e-11,9.469160e-12,8.582675e-01,,,5.258295e+03,9.443383e+07,8.105060e+07,6.924373e-08,1.618755e+01,REACHED_FORCE,REACHED_FORCE,,1,0,0,1,0,0,,,,2.142930e-06,NaN,2.099688e-06,NaN,,,5.259476e-03,3.970977e-03,,solution good enough for the tolerances given,solution good enough for the tolerances given,,false
2,1.000000e+11,0,2,CONTINUE,2.011988e+06,5.396695e+05,1.000000e-09,1.246293e-02,4.558434e-11,9.471539e-12,9.141280e-01,,,5.373193e+03,9.003459e+07,8.229454e+07,6.924373e-08,1.618755e+01,REACHED_FORCE,REACHED_FORCE,,1,0,0,1,0,0,,,,6.034955e-06,NaN,1.072582e-05,NaN,,,2.273927e-03,2.622044e-03,,solution good enough for the tolerances given,solution good enough for the tolerances given,,false
2,3.162000e+11,0,2,CONTINUE,2.011988e+06,5.936472e+05,1.000000e-09,1.246293e-02,4.558434e-11,9.476374e-12,9.861298e-01,,,5.113701e+03,1.920906e+08,1.894184e+08,6.924373e-08,1.618755e+01,REACHED_FORCE,REACHED_FORCE,,1,0,0,1,0,0,,,,2.540893e-05,NaN,2.905608e-05,NaN,,,8.491108e-04,1.336399e-03,,solution good enough for the tolerances given,solution good enough for the tolerances given,,false
2,1.000000e+12,0,2,CONTINUE,2.011988e+06,7.093191e+05,1.000000e-09,1.246293e-02,4.558434e-11,9.495483e-12,9.813912e-01,,,4.934773e+03,2.743779e+08,2.692649e+08,6.924373e-08,1.618755e+01,REACHED_FORCE,REACHED_FORCE,,1,0,0,1,0,0,,,,1.293502e-04,NaN,1.297638e-04,NaN,,,2.873866e-04,5.231487e-04,,solution good enough for the tolerances given,solution good enough for the tolerances given,,false
2,3.162000e+12,0,2,CONTINUE,2.011988e+06,7.533990e+05,1.000000e-09,1.246293e-02,4.558434e-11,9.505466e-12,9.867782e-01,,,4.853399e+03,3.120673e+08,3.079343e+08,6.924373e-08,1.618755e+01,REACHED_FORCE,REACHED_FORCE,,1,0,0,1,0,0,,,,2.348611e-04,NaN,3.037933e-04,NaN,,,9.327183e-05,1.795464e-04,,solution good enough for the tolerances given,solution good enough for the tolerances given,,false
2,1.000000e+13,0,2,CONTINUE,2.011988e+06,9.040303e+05,1.000000e-09,1.246293e-02,4.558434e-11,9.540767e-12,9.900000e-01,,,4.991275e+03,3.705564e+08,3.668440e+08,6.924373e-08,1.618755e+01,REACHED_FORCE,REACHED_FORCE,,1,0,0,1,0,0,,,,1.175163e-03,NaN,9.968748e-04,NaN,,,2.998648e-05,6.294778e-05,,solution good enough for the tolerances given,solution good enough for the tolerances given,,false
2,3.162000e+13,0,2,CONTINUE,2.011988e+06,8.887939e+05,1.000000e-09,1.246293e-02,4.558434e-11,9.923839e-12,9.145790e-01,,,4.812827e+03,3.507954e+08,3.208234e+08,6.924373e-08,1.618755e+01,REACHED_FORCE,REACHED_FORCE,,1,0,0,1,0,0,,,,1.833335e-03,NaN,2.753755e-03,NaN,,,9.582523e-06,1.929098e-05,,solution good enough for the tolerances given,solution good enough for the tolerances given,,false
2,1.000000e+14,0,3,CONTINUE,2.011988e+06,1.715200e+06,1.000000e-09,1.246293e-02,4.558434e-11,1.089472e-11,9.900000e-01,,,5.961722e+03,5.986596e+08,5.926657e+08,6.924373e-08,1.618755e+01,REACHED_FORCE,REACHED_FORCE,,1,0,0,1,1,1,,,,7.439873e-03,NaN,2.663121e-02,3.444309e-03,,,3.031919e-06,9.786528e-06,,solution good enough for the tolerances given,solution good enough for the tolerances given,,false
3,1.000000e+00,0,25,CONTINUE,4.884069e+05,2.083977e+05,1.000000e-09,3.025355e-03,9.792035e-12,9.971712e-10,6.997283e-01,,,5.901011e+03,8.970109e+07,3.398739e+07,6.924373e-08,8.363836e+00,REACHED_FORCE,REACHED_FORCE,,10,0,0,15,0,0,,,,4.553155e-07,NaN,9.677721e-07,NaN,,,5.772492e+02,1.710340e+02,,solution good enough for the tolerances given,solution good enough for the tolerances given,,false
3,3.162000e+00,0,18,CONTINUE,4.884069e+05,2.394485e+05,1.000000e-09,3.025355e-03,9.792035e-12,1.337746e-10,6.076658e-01,,,9.875672e+03,6.707542e+07,4.403770e+07,6.924373e-08,8.363836e+00,REACHED_FORCE,REACHED_FORCE,,9,0,0,9,0,0,,,,4.509330e-07,NaN,2.179900e-06,NaN,,,1.980414e+02,5.893179e+01,,solution good enough for the tolerances given,solution good enough for the tolerances given,,false
3,1.000000e+01,0,16,CONTINUE,4.884069e+05,2.394485e+05,1.000000e-09,3.025355e-03,9.792035e-12,1.337737e-10,6.076660e-01,,,9.875668e+03,6.707543e+07,4.403769e+07,6.924373e-08,8.363836e+00,REACHED_FORCE,REACHED_FORCE,,8,0,0,8,0,0,,,,5.373901e-07,NaN,2.072505e-06,NaN,,,6.447617e+01,1.918963e+01,,solution good enough for the tolerances given,solution good enough for the tolerances given,,false
3,3.162000e+01,0,15,CONTINUE,4.884069e+05,2.394482e+05,1.000000e-09,3.025355e-03,9.792035e-12,1.335414e-10,6.076666e-01,,,9.875299e+03,6.707545e+07,4.403766e+07,6.924373e-08,8.363836e+00,REACHED_FORCE,REACHED_FORCE,,8,0,0,7,0,0,,,,4.504115e-07,NaN,3.605479e-06,NaN,,,2.063088e+01,6.127207e+00,,solution good enough for the tolerances given,solution good enough for the tolerances given,,false
3,1.000000e+02,0,14,CONTINUE,4.884069e+05,2.394475e+05,1.000000e-09,3.025355e-03,9.792035e-12,1.062095e-10,6.076681e-01,,,9.875678e+03,6.707535e+07,4.403767e+07,6.924373e-08,8.363836e+00,REACHED_FORCE,REACHED_FORCE,,7,0,0,7,0,0,,,,8.084482e-07,NaN,2.075297e-06,NaN,,,6.680510e+00,1.943842e+00,,solution good enough for the tolerances given,solution good enough for the tolerances given,,false
3,3.162000e+02,0,10,CONTINUE,4.884069e+05,5.702287e+05,1.000000e-09,3.025355e-03,9.792035e-12,1.062094e-10,2.244264e-01,,,3.969296e+04,2.651331e+08,6.863932e+07,6.924373e-08,8.363836e+00,REACHED_FORCE,REACHED_FORCE,,4,0,0,6,0,0,,,,6.668226e-06,NaN,3.497067e-06,NaN,,,2.506822e+00,1.452407e+01,,solution good enough for the tolerances given,solution good enough for the tolerances given,,false
3,1.000000e+03,0,10,CONTINUE,4.884069e+05,1.324308e+05,1.000000e-09,3.025355e-03,9.792035e-12,1.062087e-10,7.078735e-01,,,1.136294e+04,4.335899e+07,5.415985e+07,6.924373e-08,8.363836e+00,REACHED_FORCE,REACHED_FORCE,,6,0,0,4,0,0,,,,4.530958e-07,NaN,1.580300e-05,NaN,,,1.562030e+00,2.001399e-01,,solution good enough for the tolerances given,solution good enough for the tolerances given,,false
3,3.162000e+03,0,8,CONTINUE,4.884069e+05,1.324788e+05,1.000000e-09,3.025355e-03,9.792035e-12,9.727475e-11,7.079152e-01,,,1.136750e+04,4.338409e+07,5.413930e+07,6.924373e-08,8.363836e+00,REACHED_FORCE,REACHED_FORCE,,5,0,0,3,0,0,,,,5.053032e-07,NaN,1.572909e-05,NaN,,,1.432733e+00,7.735543e-02,,solution good enough for the tolerances given,solution good enough for the tolerances given,,false
3,1.000000e+04,0,8,CONTINUE,4.884069e+05,1.325757e+05,1.000000e-09,3.025355e-03,9.792035e-12,9.727431e-11,7.081353e-01,,,1.138802e+04,4.346814e+07,5.406912e+07,6.924373e-08,8.363836e+00,REACHED_FORCE,REACHED_FORCE,,5,0,0,3,0,0,,,,4.507823e-07,NaN,1.573007e-05,NaN,,,1.416238e+00,5.074599e-02,,solution good enough for the tolerances given,solution good enough for the tolerances given,,false
3,3.162000e+04,0,8,CONTINUE,4.884069e+05,2.393047e+05,1.000000e-09,3.025355e-03,9.792035e-12,9.727267e-11,6.080643e-01,,,9.874070e+03,6.708835e+07,4.401550e+07,6.924373e-08,8.363836e+00,REACHED_FORCE,REACHED_FORCE,,4,0,0,4,0,0,,,,1.096625e-06,NaN,2.162313e-06,NaN,,,1.405451e+00,4.726595e-02,,solution good enough for the tolerances given,solution good enough for the tolerances given,,false
3,1.000000e+05,0,8,CONTINUE,4.884069e+05,2.389501e+05,1.000000e-09,3.025355e-03,9.792035e-12,9.311843e-11,6.090748e-01,,,9.868657e+03,6.713952e+07,4.395086e+07,6.924373e-08,8.363836e+00,REACHED_FORCE,REACHED_FORCE,,4,0,0,4,0,0,,,,4.501074e-07,NaN,2.072591e-06,NaN,,,1.376326e+00,4.688723e-02,,solution good enough for the tolerances given,solution good enough for the tolerances given,,false
3,3.162000e+05,0,11,CONTINUE,4.884069e+05,8.598610e+04,1.000000e-09,3.025355e-03,9.792035e-12,9.214631e-11,8.297886e-01,,,1.924593e+03,6.248841e+07,2.867383e+07,6.924373e-08,8.363836e+00,REACHED_FORCE,REACHED_FORCE,,7,0,0,4,0,0,,,,1.350814e-07,NaN,4.817644e-07,NaN,,,1.292274e+00,1.644635e-02,,solution good enough for the tolerances given,solution good enough for the tolerances given,,false
3,1.000000e+06,0,11,CONTINUE,4.884069e+05,8.624037e+04,1.000000e-09,3.025355e-03,9.792035e-12,9.146854e-11,8.289776e-01,,,1.923292e+03,6.252413e+07,2.865958e+07,6.924373e-08,8.363836e+00,REACHED_FORCE,REACHED_FORCE,,7,0,0,4,0,0,,,,1.369553e-07,NaN,5.313210e-07,NaN,,,1.084835e+00,1.566186e-02,,solution good enough for the tolerances given,solution good enough for the tolerances given,,false
3,3.162000e+06,0,9,CONTINUE,4.884069e+05,8.646927e+04,1.000000e-09,3.025355e-03,9.792035e-12,9.145322e-11,8.279420e-01,,,1.917170e+03,6.259242e+07,2.860825e+07,6.924373e-08,8.363836e+00,REACHED_FORCE,REACHED_FORCE,,6,0,0,3,0,0,,,,1.339237e-07,NaN,5.071506e-07,NaN,,,7.288299e-01,1.450642e-02,,solution good enough for the tolerances given,solution good enough for the tolerances given,,false
3,1.000000e+07,0,9,CONTINUE,4.884069e+05,8.742694e+04,1.000000e-09,3.025355e-03,9.792035e-12,8.991316e-11,8.241103e-01,,,1.924339e+03,6.284428e+07,2.843237e+07,6.924373e-08,8.363836e+00,REACHED_FORCE,REACHED_FORCE,,6,0,0,3,0,0,,,,1.305110e-07,NaN,4.403323e-07,NaN,,,3.883472e-01,1.330081e-02,,solution good enough for the tolerances given,solution good enough for the tolerances given,,false
3,3.162000e+07,0,10,CONTINUE,4.884069e+05,1.121523e+05,1.000000e-09,3.025355e-03,9.792035e-12,6.194199e-11,7.531909e-01,,,2.529600e+03,6.574546e+07,2.847482e+07,6.924373e-08,8.363836e+00,REACHED_FORCE,REACHED_FORCE,,6,0,0,4,0,0,,,,1.643268e-07,NaN,1.489707e-07,NaN,,,2.146570e-01,1.142091e-02,,solution good enough for the tolerances given,solution good enough for the tolerances given,,false
3,1.000000e+08,0,9,CONTINUE,4.884069e+05,1.052741e+05,1.000000e-09,3.025355e-03,9.792035e-12,6.194193e-11,7.742209e-01,,,2.098231e+03,6.913094e+07,2.456215e+07,6.924373e-08,8.363836e+00,REACHED_FORCE,REACHED_FORCE,,5,0,0,4,0,0,,,,9.630197e-08,NaN,1.773568e-07,NaN,,,1.348076e-01,8.505901e-03,,solution good enough for the tolerances given,solution good enough for the tolerances given,,false
3,3.162000e+08,0,7,CONTINUE,4.884069e+05,1.106089e+05,1.000000e-09,3.025355e-03,9.792035e-12,6.194222e-11,7.948277e-01,,,1.914373e+03,7.208205e+07,2.168476e+07,6.924373e-08,8.363836e+00,REACHED_FORCE,REACHED_FORCE,,4,0,0,3,0,0,,,,1.103172e-07,NaN,9.804819e-08,NaN,,,7.234303e-02,7.953513e-03,,solution good enough for the tolerances given,solution good enough for the tolerances given,,false
3,1.000000e+09,0,5,CONTINUE,4.884069e+05,7.620450e+04,1.000000e-09,3.025355e-03,9.792035e-12,6.194153e-11,8.594120e-01,,,1.121024e+03,7.322824e+07,1.615540e+07,6.924373e-08,8.363836e+00,REACHED_FORCE,REACHED_FORCE,,3,0,0,2,0,0,,,,1.329559e-07,NaN,5.257122e-08,NaN,,,3.184897e-02,3.824693e-03,,solution good enough for the tolerances given,solution good enough for the tolerances given,,false
3,3.162000e+09,0,4,CONTINUE,4.884069e+05,5.858190e+04,1.000000e-09,3.025355e-03,9.792035e-12,6.194460e-11,8.893555e-01,,,1.519084e+03,6.736259e+07,1.937629e+07,6.924373e-08,8.363836e+00,REACHED_FORCE,REACHED_FORCE,,3,0,0,1,0,0,,,,5.579577e-08,NaN,9.439450e-08,NaN,,,1.334035e-02,1.937978e-03,,solution good enough for the tolerances given,solution good enough for the tolerances given,,false
3,1.000000e+10,0,3,CONTINUE,4.884069e+05,4.666581e+04,1.000000e-09,3.025355e-03,9.792035e-12,6.195267e-11,9.153791e-01,,,1.295060e+03,7.037971e+07,1.360324e+07,6.924373e-08,8.363836e+00,REACHED_FORCE,REACHED_FORCE,,2,0,0,1,0,0,,,,1.791499e-07,NaN,2.837266e-07,NaN,,,5.271105e-03,1.187129e-03,,solution good enough for the tolerances given,solution good enough for the tolerances given,,false
3,3.162000e+10,0,2,CONTINUE,4.884069e+05,3.143920e+04,1.000000e-09,3.025355e-03,9.792035e-12,6.197396e-11,9.614264e-01,,,1.181609e+03,7.549254e+07,7.145282e+06,6.924373e-08,8.363836e+00,REACHED_FORCE,REACHED_FORCE,,1,0,0,1,0,0,,,,6.730843e-07,NaN,6.003532e-07,NaN,,,1.868449e-03,6.677817e-04,,solution good enough for the tolerances given,solution good enough for the tolerances given,,true
3,1.000000e+11,0,2,CONTINUE,4.884069e+05,1.350572e+04,1.000000e-09,3.025355e-03,9.792035e-12,6.198401e-11,9.900000e-01,,,1.059654e+03,7.438865e+07,3.053499e+06,6.924373e-08,8.363836e+00,REACHED_FORCE,REACHED_FORCE,,1,0,0,1,0,0,,,,2.136741e-06,NaN,1.735521e-06,NaN,,,6.173914e-04,1.985625e-04,,solution good enough for the tolerances given,solution good enough for the tolerances given,,false
3,3.162000e+11,0,2,CONTINUE,4.884069e+05,1.191243e+04,1.000000e-09,3.025355e-03,9.792035e-12,6.213448e-11,9.900000e-01,,,1.032213e+03,7.396982e+07,1.470986e+06,6.924373e-08,8.363836e+00,REACHED_FORCE,REACHED_FORCE,,1,0,0,1,0,0,,,,6.115763e-06,NaN,6.369332e-06,NaN,,,1.980766e-04,6.366319e-05,,solution good enough for the tolerances given,solution good enough for the tolerances given,,false
3,1.000000e+12,0,2,CONTINUE,4.884069e+05,1.299928e+04,1.000000e-09,3.025355e-03,9.792035e-12,6.295072e-11,9.900000e-01,,,1.027545e+03,7.400891e+07,1.651890e+06,6.924373e-08,8.363836e+00,REACHED_FORCE,REACHED_FORCE,,1,0,0,1,0,0,,,,1.765896e-05,NaN,1.668855e-05,NaN,,,6.284997e-05,2.032630e-05,,solution good enough for the tolerances given,solution good enough for the tolerances given,,false
3,3.162000e+12,0,2,CONTINUE,4.884069e+05,1.829871e+04,1.000000e-09,3.025355e-03,9.792035e-12,6.587074e-11,9.900000e-01,,,1.030676e+03,7.444689e+07,2.798951e+06,6.924373e-08,8.363836e+00,REACHED_FORCE,REACHED_FORCE,,1,0,0,1,0,0,,,,5.043310e-05,NaN,5.606998e-05,NaN,,,1.983561e-05,6.462176e-06,,solution good enough for the tolerances given,solution good enough for the tolerances given,,false
3,1.000000e+13,0,2,CONTINUE,4.884069e+05,4.022161e+04,1.000000e-09,3.025355e-03,9.792035e-12,6.527179e-11,9.856733e-01,,,1.117757e+03,7.685135e+07,8.575645e+06,6.924373e-08,8.363836e+00,REACHED_FORCE,REACHED_FORCE,,1,0,0,1,0,0,,,,1.422208e-04,NaN,2.267518e-04,NaN,,,6.178088e-06,2.184134e-06,,solution good enough for the tolerances given,solution good enough for the tolerances given,,false
3,3.162000e+13,0,2,CONTINUE,4.884069e+05,1.796821e+05,1.000000e-09,3.025355e-03,9.792035e-12,1.207606e-10,6.841049e-01,,,1.579405e+03,7.530425e+07,2.435214e+07,6.924373e-08,8.363836e+00,REACHED_FORCE,REACHED_FORCE,,1,0,0,1,0,0,,,,8.217849e-04,NaN,1.008855e-03,NaN,,,1.906287e-06,6.934372e-07,,solution good enough for the tolerances given,solution good enough for the tolerances given,,false
3,1.000000e+14,1,3,CONTINUE,4.884069e+05,3.899142e+05,1.000000e-09,3.025355e-03,9.792035e-12,6.524672e-11,3.194741e-01,,,4.020639e+03,1.373353e+08,6.560620e+07,6.924373e-08,8.363836e+00,REACHED_FORCE,REFINE_STALLED,,1,0,0,1,1,1,,,,1.846341e-03,NaN,6.753213e-03,1.322536e-02,,,5.970995e-07,1.422164e-06,,solution good enough for the tolerances given,solution good enough for the tolerances given,,false
4,1.000000e+00,0,30,CONTINUE,3.143920e+04,1.996134e+03,1.000000e-09,1.947449e-04,3.990621e-13,2.310112e-09,9.694439e-01,,,2.737962e+03,6.750125e+06,8.096593e+05,6.924373e-08,4.255995e-01,REACHED_FORCE,REACHED_FORCE,,22,0,0,8,0,0,,,,5.288752e-08,NaN,4.352984e-07,NaN,,,3.235867e+01,4.762796e-01,,solution good enough for the tolerances given,solution good enough for the tolerances given,,false
4,3.162000e+00,0,23,CONTINUE,3.143920e+04,4.579832e+03,1.000000e-09,1.947449e-04,3.990621e-13,2.310011e-09,9.282975e-01,,,4.088946e+03,5.145701e+06,2.866665e+06,6.924373e-08,4.255995e-01,REACHED_FORCE,REACHED_FORCE,,16,0,0,7,0,0,,,,2.940957e-07,NaN,9.574902e-07,NaN,,,1.027810e+01,7.940003e-01,,solution good enough for the tolerances given,solution good enough for the tolerances given,,false
4,1.000000e+01,0,16,CONTINUE,3.143920e+04,9.558388e+03,1.000000e-09,1.947449e-04,3.990621e-13,1.617237e-09,8.549322e-01,,,8.367256e+03,2.112306e+06,6.451535e+06,6.924373e-08,4.255995e-01,REACHED_FORCE,REACHED_FORCE,,9,0,0,7,0,0,,,,2.989767e-07,NaN,5.030557e-07,NaN,,,3.262252e+00,9.458959e-01,,solution good enough for the tolerances given,solution good enough for the tolerances given,,false
4,3.162000e+01,0,15,CONTINUE,3.143920e+04,9.558382e+03,1.000000e-09,1.947449e-04,3.990621e-13,1.617235e-09,8.549326e-01,,,8.367247e+03,2.112308e+06,6.451531e+06,6.924373e-08,4.255995e-01,REACHED_FORCE,REACHED_FORCE,,9,0,0,6,0,0,,,,2.993925e-07,NaN,5.051333e-07,NaN,,,1.057357e+00,3.466127e-01,,solution good enough for the tolerances given,solution good enough for the tolerances given,,false
4,1.000000e+02,0,12,CONTINUE,3.143920e+04,7.613677e+03,1.000000e-09,1.947449e-04,3.990621e-13,1.617231e-09,8.038084e-01,,,7.747615e+03,2.222035e+06,6.412873e+06,6.924373e-08,4.255995e-01,REACHED_FORCE,REACHED_FORCE,,6,0,0,6,0,0,,,,8.001574e-07,NaN,7.403641e-07,NaN,,,4.055911e-01,1.047345e-01,,solution good enough for the tolerances given,solution good enough for the tolerances given,,false
4,3.162000e+02,0,12,CONTINUE,3.143920e+04,9.558301e+03,1.000000e-09,1.947449e-04,3.990621e-13,1.445069e-09,8.549367e-01,,,8.367112e+03,2.112327e+06,6.451490e+06,6.924373e-08,4.255995e-01,REACHED_FORCE,REACHED_FORCE,,7,0,0,5,0,0,,,,3.002571e-07,NaN,5.030831e-07,NaN,,,2.628264e-01,1.864565e-01,,solution good enough for the tolerances given,solution good enough for the tolerances given,,false
4,1.000000e+03,0,17,CONTINUE,3.143920e+04,1.263416e+04,1.000000e-09,1.947449e-04,3.990621e-13,1.445061e-09,7.250058e-01,,,2.985911e+03,8.895920e+06,2.718739e+06,6.924373e-08,4.255995e-01,REACHED_FORCE,REACHED_FORCE,,7,0,0,10,0,0,,,,3.100357e-07,NaN,3.236498e-07,NaN,,,2.435385e-01,1.840096e-01,,solution good enough for the tolerances given,solution good enough for the tolerances given,,false
4,3.162000e+03,0,16,CONTINUE,3.143920e+04,7.510805e+03,1.000000e-09,1.947449e-04,3.990621e-13,1.444854e-09,7.970285e-01,,,3.437297e+03,5.318737e+06,3.263465e+06,6.924373e-08,4.255995e-01,REACHED_FORCE,REACHED_FORCE,,10,0,0,6,0,0,,,,2.389237e-07,NaN,2.834376e-07,NaN,,,2.400933e-01,2.809163e-02,,solution good enough for the tolerances given,solution good enough for the tolerances given,,false
4,1.000000e+04,0,16,CONTINUE,3.143920e+04,1.996220e+03,1.000000e-09,1.947449e-04,3.990621e-13,1.306807e-09,9.694210e-01,,,2.735588e+03,6.750446e+06,8.077381e+05,6.924373e-08,4.255995e-01,REACHED_FORCE,REACHED_FORCE,,12,0,0,4,0,0,,,,4.919942e-08,NaN,4.382127e-07,NaN,,,2.353446e-01,5.141861e-03,,solution good enough for the tolerances given,solution good enough for the tolerances given,,false
4,3.162000e+04,0,15,CONTINUE,3.143920e+04,1.996413e+03,1.000000e-09,1.947449e-04,3.990621e-13,1.308798e-09,9.693952e-01,,,2.731092e+03,6.751053e+06,8.040941e+05,6.924373e-08,4.255995e-01,REACHED_FORCE,REACHED_FORCE,,11,0,0,4,0,0,,,,4.918112e-08,NaN,4.364177e-07,NaN,,,2.221513e-01,5.119851e-03,,solution good enough for the tolerances given,solution good enough for the tolerances given,,false
4,1.000000e+05,0,16,CONTINUE,3.143920e+04,1.389580e+03,1.000000e-09,1.947449e-04,3.990621e-13,1.296643e-09,9.577186e-01,,,3.956195e+02,7.221697e+06,2.955809e+05,6.924373e-08,4.255995e-01,REACHED_FORCE,REACHED_FORCE,,12,0,0,4,0,0,,,,1.968256e-08,NaN,4.341846e-08,NaN,,,1.898075e-01,1.114183e-03,,solution good enough for the tolerances given,solution good enough for the tolerances given,,false
4,3.162000e+05,0,14,CONTINUE,3.143920e+04,1.386218e+03,1.000000e-09,1.947449e-04,3.990621e-13,1.215641e-09,9.577634e-01,,,3.899651e+02,7.221714e+06,2.947567e+05,6.924373e-08,4.255995e-01,REACHED_FORCE,REACHED_FORCE,,11,0,0,3,0,0,,,,1.954657e-08,NaN,4.018029e-08,NaN,,,1.355093e-01,1.098005e-03,,solution good enough for the tolerances given,solution good enough for the tolerances given,,false
4,1.000000e+06,0,14,CONTINUE,3.143920e+04,1.379739e+03,1.000000e-09,1.947449e-04,3.990621e-13,1.051138e-09,9.578289e-01,,,3.696751e+02,7.221525e+06,2.928043e+05,6.924373e-08,4.255995e-01,REACHED_FORCE,REACHED_FORCE,,11,0,0,3,0,0,,,,1.994304e-08,NaN,3.188856e-08,NaN,,,8.718828e-02,1.071089e-03,,solution good enough for the tolerances given,solution good enough for the tolerances given,,false
4,3.162000e+06,0,12,CONTINUE,3.143920e+04,1.358031e+03,1.000000e-09,1.947449e-04,3.990621e-13,9.895454e-10,9.579831e-01,,,3.299388e+02,7.219619e+06,2.902599e+05,6.924373e-08,4.255995e-01,REACHED_FORCE,REACHED_FORCE,,9,0,0,3,0,0,,,,1.770590e-08,NaN,2.577789e-08,NaN,,,6.312067e-02,9.780143e-04,,solution good enough for the tolerances given,solution good enough for the tolerances given,,false
4,1.000000e+07,0,12,CONTINUE,3.143920e+04,1.249713e+03,1.000000e-09,1.947449e-04,3.990621e-13,9.895488e-10,9.610429e-01,,,2.330230e+02,7.208293e+06,2.682680e+05,6.924373e-08,4.255995e-01,REACHED_FORCE,REACHED_FORCE,,9,0,0,3,0,0,,,,1.403212e-08,NaN,1.256749e-08,NaN,,,4.535453e-02,7.441698e-04,,solution good enough for the tolerances given,solution good enough for the tolerances given,,false
4,3.162000e+07,0,11,CONTINUE,3.143920e+04,9.065893e+02,1.000000e-09,1.947449e-04,3.990621e-13,9.895511e-10,9.719966e-01,,,1.860499e+02,7.177078e+06,1.931668e+05,6.924373e-08,4.255995e-01,REACHED_FORCE,REACHED_FORCE,,8,0,0,3,0,0,,,,7.685818e-09,NaN,3.992857e-09,NaN,,,2.686716e-02,4.217361e-04,,solution good enough for the tolerances given,solution good enough for the tolerances given,,false
4,1.000000e+08,0,10,CONTINUE,3.143920e+04,4.100232e+02,1.000000e-09,1.947449e-04,3.990621e-13,9.895521e-10,9.866538e-01,,,1.795002e+02,7.170511e+06,7.320766e+04,6.924373e-08,4.255995e-01,REACHED_FORCE,REACHED_FORCE,,7,0,0,3,0,0,,,,7.521640e-09,NaN,2.204636e-09,NaN,,,1.392943e-02,3.903639e-04,,solution good enough for the tolerances given,solution good enough for the tolerances given,,false
4,3.162000e+08,0,7,CONTINUE,3.143920e+04,4.363177e+02,1.000000e-09,1.947449e-04,3.990621e-13,9.894955e-10,9.858965e-01,,,1.820951e+02,7.171587e+06,7.641647e+04,6.924373e-08,4.255995e-01,REACHED_FORCE,REACHED_FORCE,,5,0,0,2,0,0,,,,2.349674e-09,NaN,1.891064e-09,NaN,,,7.652114e-03,2.830610e-04,,solution good enough for the tolerances given,solution good enough for the tolerances given,,false
4,1.000000e+09,0,5,CONTINUE,3.143920e+04,7.309245e+02,1.000000e-09,1.947449e-04,3.990621e-13,9.897231e-10,9.763495e-01,,,1.684902e+02,7.164376e+06,1.854577e+05,6.924373e-08,4.255995e-01,REACHED_FORCE,REACHED_FORCE,,3,0,0,2,0,0,,,,8.388938e-09,NaN,5.817978e-09,NaN,,,4.149131e-03,2.492278e-04,,solution good enough for the tolerances given,solution good enough for the tolerances given,,false
4,3.162000e+09,0,3,CONTINUE,3.143920e+04,4.496855e+02,1.000000e-09,1.947449e-04,3.990621e-13,9.896785e-10,9.850951e-01,,,1.968828e+02,7.195572e+06,6.558427e+04,6.924373e-08,4.255995e-01,REACHED_FORCE,REACHED_FORCE,,2,0,0,1,0,0,,,,1.062106e-08,NaN,1.038783e-08,NaN,,,1.838322e-03,7.892703e-05,,solution good enough for the tolerances given,solution good enough for the tolerances given,,false
4,1.000000e+10,0,3,CONTINUE,3.143920e+04,3.467787e+02,1.000000e-09,1.947449e-04,3.990621e-13,9.905015e-10,9.889424e-01,,,1.780542e+02,7.158546e+06,6.664289e+04,6.924373e-08,4.255995e-01,REACHED_FORCE,REACHED_FORCE,,2,0,0,1,0,0,,,,3.496370e-08,NaN,4.055541e-08,NaN,,,6.746161e-04,2.210363e-05,,solution good enough for the tolerances given,solution good enough for the tolerances given,,false
4,3.162000e+10,0,3,CONTINUE,3.143920e+04,3.581561e+02,1.000000e-09,1.947449e-04,3.990621e-13,9.965880e-10,9.887660e-01,,,1.725973e+02,7.145069e+06,8.097333e+04,6.924373e-08,4.255995e-01,REACHED_FORCE,REACHED_FORCE,,2,0,0,1,0,0,,,,8.713154e-08,NaN,1.158904e-07,NaN,,,2.251319e-04,7.139348e-06,,solution good enough for the tolerances given,solution good enough for the tolerances given,,false
4,1.000000e+11,0,2,CONTINUE,3.143920e+04,4.582989e+02,1.000000e-09,1.947449e-04,3.990621e-13,1.011577e-09,9.843285e-01,,,1.711015e+02,7.194682e+06,6.669165e+04,6.924373e-08,4.255995e-01,REACHED_FORCE,REACHED_FORCE,,1,0,0,1,0,0,,,,4.078110e-07,NaN,4.562720e-07,NaN,,,7.239305e-05,1.840474e-06,,solution good enough for the tolerances given,solution good enough for the tolerances given,,true
4,3.162000e+11,0,2,CONTINUE,3.143920e+04,1.050993e+03,1.000000e-09,1.947449e-04,3.990621e-13,1.056373e-09,9.665166e-01,,,1.741506e+02,7.136672e+06,2.484556e+05,6.924373e-08,4.255995e-01,REACHED_FORCE,REACHED_FORCE,,1,0,0,1,0,0,,,,1.289855e-06,NaN,1.459909e-06,NaN,,,2.297427e-05,6.628865e-07,,solution good enough for the tolerances given,solution good enough for the tolerances given,,false
4,1.000000e+12,0,2,CONTINUE,3.143920e+04,3.892147e+03,1.000000e-09,1.947449e-04,3.990621e-13,1.237957e-09,8.766905e-01,,,1.768717e+02,7.039057e+06,9.748310e+05,6.924373e-08,4.255995e-01,REACHED_FORCE,REACHED_FORCE,,1,0,0,1,0,0,,,,5.125924e-06,NaN,4.770728e-06,NaN,,,7.203423e-06,2.275772e-07,,solution good enough for the tolerances given,solution good enough for the tolerances given,,false
4,3.162000e+12,0,2,CONTINUE,3.143920e+04,9.301924e+03,1.000000e-09,1.947449e-04,3.990621e-13,8.002950e-10,7.256812e-01,,,1.982479e+02,6.576611e+06,2.381222e+06,6.924373e-08,4.255995e-01,REACHED_FORCE,REACHED_FORCE,,1,0,0,1,0,0,,,,1.823335e-05,NaN,2.129212e-05,NaN,,,2.193129e-06,1.190282e-07,,solution good enough for the tolerances given,solution good enough for the tolerances given,,false
4,1.000000e+13,1,14,CONTINUE,3.143920e+04,3.676923e+04,1.000000e-09,1.947449e-04,3.990621e-13,2.836155e-16,3.491318e-05,,,1.780870e+02,2.814991e+11,7.852437e+06,6.924373e-08,4.255995e-01,REFINE_STALLED,REFINE_STALLED,,3,4,1,4,3,1,,,,1.564420e+01,1.278350e+01,1.453509e+01,1.130377e+01,,,5.485058e-04,8.181794e-04,,solution good enough for the tolerances given,solution good enough for the tolerances given,,false
4,3.162000e+13,1,14,CONTINUE,3.143920e+04,3.676902e+04,1.000000e-09,1.947449e-04,3.990621e-13,8.969500e-17,1.104152e-05,,,1.780875e+02,8.900859e+11,7.852373e+06,6.924373e-08,4.255995e-01,REFINE_STALLED,REFINE_STALLED,,3,4,1,4,3,1,,,,4.946660e+01,4.042477e+01,4.596050e+01,3.574296e+01,,,5.485043e-04,8.182339e-04,,solution good enough for the tolerances given,solution good enough for the tolerances given,,false
4,1.000000e+14,1,14,CONTINUE,3.143920e+04,3.676895e+04,1.000000e-09,1.947449e-04,3.990621e-13,2.836156e-17,3.491321e-06,,,1.780877e+02,2.814931e+12,7.852334e+06,6.924373e-08,4.255995e-01,REFINE_STALLED,REFINE_STALLED,,3,4,1,4,3,1,,,,1.564406e+02,1.278485e+02,1.453533e+02,1.130392e+02,,,5.485038e-04,8.182511e-04,,solution good enough for the tolerances given,solution good enough for the tolerances given,,false
5,1.000000e+00,0,25,CONTINUE,4.582989e+02,1.781298e+01,1.000000e-09,2.838856e-06,2.811040e-14,1.105672e-07,9.602228e-01,,,3.542104e+02,6.530596e+04,1.035157e+04,6.924373e-08,5.706359e-03,REACHED_FORCE,REACHED_FORCE,,19,0,0,6,0,0,,,,2.089490e-08,NaN,2.746176e-08,NaN,,,5.814505e-01,1.572953e-03,,solution good enough for the tolerances given,solution good enough for the tolerances given,,false
5,3.162000e+00,0,22,CONTINUE,4.582989e+02,1.781674e+01,1.000000e-09,2.838856e-06,2.811040e-14,1.104234e-07,9.602121e-01,,,3.540910e+02,6.530595e+04,1.035186e+04,6.924373e-08,5.706359e-03,REACHED_FORCE,REACHED_FORCE,,17,0,0,5,0,0,,,,2.091553e-08,NaN,3.148276e-08,NaN,,,2.736472e-01,1.481806e-03,,solution good enough for the tolerances given,solution good enough for the tolerances given,,false
5,1.000000e+01,0,21,CONTINUE,4.582989e+02,6.277253e+00,1.000000e-09,2.838856e-06,2.811040e-14,9.840750e-08,9.861678e-01,,,4.553791e+01,6.635594e+04,8.954973e+03,6.924373e-08,5.706359e-03,REACHED_FORCE,REACHED_FORCE,,18,0,0,3,0,0,,,,7.889643e-11,NaN,1.969839e-10,NaN,,,2.201115e-01,1.475612e-05,,solution good enough for the tolerances given,solution good enough for the tolerances given,,false
5,3.162000e+01,0,20,CONTINUE,4.582989e+02,6.277761e+00,1.000000e-09,2.838856e-06,2.811040e-14,9.840675e-08,9.861647e-01,,,4.582961e+01,6.635586e+04,8.955019e+03,6.924373e-08,5.706359e-03,REACHED_FORCE,REACHED_FORCE,,17,0,0,3,0,0,,,,2.704838e-10,NaN,5.071388e-10,NaN,,,2.132563e-01,7.497508e-06,,solution good enough for the tolerances given,solution good enough for the tolerances given,,false
5,1.000000e+02,0,19,CONTINUE,4.582989e+02,6.277489e+00,1.000000e-09,2.838856e-06,2.811040e-14,9.012349e-08,9.861672e-01,,,4.551587e+01,6.635594e+04,8.954979e+03,6.924373e-08,5.706359e-03,REACHED_FORCE,REACHED_FORCE,,16,0,0,3,0,0,,,,1.300806e-11,NaN,2.701520e-10,NaN,,,2.101726e-01,1.740534e-05,,solution good enough for the tolerances given,solution good enough for the tolerances given,,false
5,3.162000e+02,0,19,CONTINUE,4.582989e+02,6.298170e+00,1.000000e-09,2.838856e-06,2.811040e-14,9.010329e-08,9.860881e-01,,,4.556347e+01,6.634935e+04,8.956534e+03,6.924373e-08,5.706359e-03,REACHED_FORCE,REACHED_FORCE,,15,0,0,4,0,0,,,,2.504319e-11,NaN,3.708966e-10,NaN,,,2.027721e-01,1.732144e-05,,solution good enough for the tolerances given,solution good enough for the tolerances given,,false
5,1.000000e+03,0,18,CONTINUE,4.582989e+02,6.309443e+00,1.000000e-09,2.838856e-06,2.811040e-14,8.689434e-08,9.860676e-01,,,4.537672e+01,6.634807e+04,8.956929e+03,6.924373e-08,5.706359e-03,REACHED_FORCE,REACHED_FORCE,,14,0,0,4,0,0,,,,2.090272e-11,NaN,3.816447e-10,NaN,,,1.833851e-01,1.486698e-05,,solution good enough for the tolerances given,solution good enough for the tolerances given,,false
5,3.162000e+03,0,16,CONTINUE,4.582989e+02,6.323518e+00,1.000000e-09,2.838856e-06,2.811040e-14,8.935018e-08,9.860562e-01,,,4.499818e+01,6.634793e+04,8.957131e+03,6.924373e-08,5.706359e-03,REACHED_FORCE,REACHED_FORCE,,13,0,0,3,0,0,,,,1.109494e-12,NaN,3.423435e-10,NaN,,,1.455121e-01,1.229694e-05,,solution good enough for the tolerances given,solution good enough for the tolerances given,,false
5,1.000000e+04,0,15,CONTINUE,4.582989e+02,6.325107e+00,1.000000e-09,2.838856e-06,2.811040e-14,8.289308e-08,9.860612e-01,,,4.490871e+01,6.634841e+04,8.957036e+03,6.924373e-08,5.706359e-03,REACHED_FORCE,REACHED_FORCE,,12,0,0,3,0,0,,,,3.444264e-11,NaN,3.287832e-10,NaN,,,1.037881e-01,8.728951e-06,,solution good enough for the tolerances given,solution good enough for the tolerances given,,false
5,3.162000e+04,0,15,CONTINUE,4.582989e+02,6.329692e+00,1.000000e-09,2.838856e-06,2.811040e-14,7.427465e-08,9.860453e-01,,,4.493696e+01,6.634659e+04,8.957390e+03,6.924373e-08,5.706359e-03,REACHED_FORCE,REACHED_FORCE,,12,0,0,3,0,0,,,,3.222794e-12,NaN,2.520040e-10,NaN,,,7.906519e-02,7.014952e-06,,solution good enough for the tolerances given,solution good enough for the tolerances given,,false
5,1.000000e+05,0,13,CONTINUE,4.582989e+02,6.340243e+00,1.000000e-09,2.838856e-06,2.811040e-14,7.427450e-08,9.860197e-01,,,4.491254e+01,6.634279e+04,8.958050e+03,6.924373e-08,5.706359e-03,REACHED_FORCE,REACHED_FORCE,,10,0,0,3,0,0,,,,4.382301e-11,NaN,2.171125e-10,NaN,,,5.979017e-02,6.505820e-06,,solution good enough for the tolerances given,solution good enough for the tolerances given,,false
5,3.162000e+05,0,13,CONTINUE,4.582989e+02,6.357198e+00,1.000000e-09,2.838856e-06,2.811040e-14,7.427483e-08,9.859876e-01,,,4.511014e+01,6.633530e+04,8.959190e+03,6.924373e-08,5.706359e-03,REACHED_FORCE,REACHED_FORCE,,10,0,0,3,0,0,,,,2.104225e-11,NaN,1.431298e-10,NaN,,,3.683631e-02,6.107521e-06,,solution good enough for the tolerances given,solution good enough for the tolerances given,,false
5,1.000000e+06,0,11,CONTINUE,4.582989e+02,6.357654e+00,1.000000e-09,2.838856e-06,2.811040e-14,7.427541e-08,9.859863e-01,,,4.524095e+01,6.633445e+04,8.959321e+03,6.924373e-08,5.706359e-03,REACHED_FORCE,REACHED_FORCE,,9,0,0,2,0,0,,,,3.287783e-11,NaN,8.316876e-11,NaN,,,1.813213e-02,5.356420e-06,,solution good enough for the tolerances given,solution good enough for the tolerances given,,false
5,3.162000e+06,0,10,CONTINUE,4.582989e+02,6.364945e+00,1.000000e-09,2.838856e-06,2.811040e-14,7.427828e-08,9.859780e-01,,,4.548789e+01,6.632869e+04,8.959975e+03,6.924373e-08,5.706359e-03,REACHED_FORCE,REACHED_FORCE,,8,0,0,2,0,0,,,,7.922205e-11,NaN,2.793235e-11,NaN,,,8.396915e-03,4.093221e-06,,solution good enough for the tolerances given,solution good enough for the tolerances given,,false
5,1.000000e+07,0,7,CONTINUE,4.582989e+02,6.394023e+00,1.000000e-09,2.838856e-06,2.811040e-14,7.429221e-08,9.859147e-01,,,4.561922e+01,6.632582e+04,8.961032e+03,6.924373e-08,5.706359e-03,REACHED_FORCE,REACHED_FORCE,,5,0,0,2,0,0,,,,1.223883e-10,NaN,1.402736e-11,NaN,,,3.986286e-03,3.818355e-06,,solution good enough for the tolerances given,solution good enough for the tolerances given,,false
5,3.162000e+07,0,5,CONTINUE,4.582989e+02,6.347220e+00,1.000000e-09,2.838856e-06,2.811040e-14,7.433899e-08,9.860165e-01,,,4.563679e+01,6.633015e+04,8.959498e+03,6.924373e-08,5.706359e-03,REACHED_FORCE,REACHED_FORCE,,4,0,0,1,0,0,,,,1.610018e-10,NaN,2.975406e-11,NaN,,,1.689509e-03,1.144395e-06,,solution good enough for the tolerances given,solution good enough for the tolerances given,,false
5,1.000000e+08,0,4,CONTINUE,4.582989e+02,6.365367e+00,1.000000e-09,2.838856e-06,2.811040e-14,7.439606e-08,9.859806e-01,,,4.573536e+01,6.632520e+04,8.960592e+03,6.924373e-08,5.706359e-03,REACHED_FORCE,REACHED_FORCE,,3,0,0,1,0,0,,,,2.145179e-10,NaN,6.865401e-11,NaN,,,6.141240e-04,4.379463e-07,,solution good enough for the tolerances given,solution good enough for the tolerances given,,false
5,3.162000e+08,0,3,CONTINUE,4.582989e+02,6.359522e+00,1.000000e-09,2.838856e-06,2.811040e-14,7.431760e-08,9.859805e-01,,,4.573571e+01,6.633184e+04,8.960362e+03,6.924373e-08,5.706359e-03,REACHED_FORCE,REACHED_FORCE,,2,0,0,1,0,0,,,,3.142270e-10,NaN,1.948004e-10,NaN,,,2.045440e-04,1.513815e-07,,solution good enough for the tolerances given,solution good enough for the tolerances given,,false
5,1.000000e+09,0,3,CONTINUE,4.582989e+02,6.305354e+00,1.000000e-09,2.838856e-06,2.811040e-14,7.428815e-08,9.861213e-01,,,4.532801e+01,6.632099e+04,8.959894e+03,6.924373e-08,5.706359e-03,REACHED_FORCE,REACHED_FORCE,,2,0,0,1,0,0,,,,4.040677e-10,NaN,1.077934e-09,NaN,,,6.582250e-05,4.005639e-08,,solution good enough for the tolerances given,solution good enough for the tolerances given,,false
5,3.162000e+09,0,3,CONTINUE,4.582989e+02,6.303114e+00,1.000000e-09,2.838856e-06,2.811040e-14,7.512637e-08,9.860342e-01,,,4.578733e+01,6.633345e+04,8.959227e+03,6.924373e-08,5.706359e-03,REACHED_FORCE,REACHED_FORCE,,2,0,0,1,0,0,,,,1.443226e-09,NaN,1.837005e-09,NaN,,,2.093579e-05,1.146395e-08,,solution good enough for the tolerances given,solution good enough for the tolerances given,,false
5,1.000000e+10,0,3,CONTINUE,4.582989e+02,6.347910e+00,1.000000e-09,2.838856e-06,2.811040e-14,8.162396e-08,9.858628e-01,,,4.912447e+01,6.637158e+04,8.956554e+03,6.924373e-08,5.706359e-03,REACHED_FORCE,REACHED_FORCE,,2,0,0,1,0,0,,,,4.352937e-09,NaN,7.607856e-09,NaN,,,6.633407e-06,4.319733e-09,,solution good enough for the tolerances given,solution good enough for the tolerances given,,false
5,3.162000e+10,0,2,CONTINUE,4.582989e+02,6.193905e+00,1.000000e-09,2.838856e-06,2.811040e-14,6.249233e-08,9.860392e-01,,,4.439064e+01,6.625201e+04,8.970806e+03,6.924373e-08,5.706359e-03,REACHED_FORCE,REACHED_FORCE,,1,0,0,1,0,0,,,,1.625373e-08,NaN,3.247581e-08,NaN,,,2.096180e-06,5.967106e-09,,solution good enough for the tolerances given,solution good enough for the tolerances given,,true
5,1.000000e+11,1,14,CONTINUE,4.582989e+02,5.109123e+02,1.000000e-09,2.838856e-06,2.811040e-14,2.836154e-14,2.945590e-03,,,2.169335e+00,3.361539e+07,5.782973e+04,6.924373e-08,5.706359e-03,REFINE_STALLED,REFINE_STALLED,,3,4,1,4,3,1,,,,1.909480e-03,1.525236e-03,1.845538e-03,1.425971e-03,,,7.135243e-06,1.038865e-05,,solution good enough for the tolerances given,solution good enough for the tolerances given,,false
5,3.162000e+11,1,14,CONTINUE,4.582989e+02,5.112165e+02,1.000000e-09,2.838856e-06,2.811040e-14,8.969497e-15,9.365990e-04,,,2.167449e+00,1.060252e+08,5.807792e+04,6.924373e-08,5.706359e-03,REFINE_STALLED,REFINE_STALLED,,3,4,1,4,3,1,,,,6.025432e-03,4.862289e-03,5.843410e-03,4.514871e-03,,,7.135330e-06,1.045139e-05,,solution good enough for the tolerances given,solution good enough for the tolerances given,,false
5,1.000000e+12,1,14,CONTINUE,4.582989e+02,5.112150e+02,1.000000e-09,2.838856e-06,2.811040e-14,2.836157e-15,2.964558e-04,,,2.167267e+00,3.350760e+08,5.811321e+04,6.924373e-08,5.706359e-03,REFINE_STALLED,REFINE_STALLED,,3,4,1,4,3,1,,,,1.904256e-02,1.541222e-02,1.849063e-02,1.427749e-02,,,7.135394e-06,1.047016e-05,,solution good enough for the tolerances given,solution good enough for the tolerances given,,false
5,3.162000e+12,1,14,CONTINUE,4.582989e+02,5.112061e+02,1.000000e-09,2.838856e-06,2.811040e-14,8.969502e-16,9.378039e-05,,,2.167249e+00,1.059286e+09,5.812055e+04,6.924373e-08,5.706359e-03,REFINE_STALLED,REFINE_STALLED,,3,4,1,4,3,1,,,,6.019921e-02,4.876698e-02,5.847863e-02,4.514245e-02,,,7.135418e-06,1.047598e-05,,solution good enough for the tolerances given,solution good enough for the tolerances given,,false
5,1.000000e+13,1,14,CONTINUE,4.582989e+02,5.112024e+02,1.000000e-09,2.838856e-06,2.811040e-14,2.836157e-16,2.965565e-05,,,2.167246e+00,3.349828e+09,5.812251e+04,6.924373e-08,5.706359e-03,REFINE_STALLED,REFINE_STALLED,,3,4,1,4,3,1,,,,1.903698e-01,1.542613e-01,1.849535e-01,1.427619e-01,,,7.135426e-06,1.047781e-05,,solution good enough for the tolerances given,solution good enough for the tolerances given,,false
5,3.162000e+13,1,14,CONTINUE,4.582989e+02,5.112012e+02,1.000000e-09,2.838856e-06,2.811040e-14,8.969502e-17,9.379000e-06,,,2.167246e+00,1.059194e+10,5.812320e+04,6.924373e-08,5.706359e-03,REFINE_STALLED,REFINE_STALLED,,3,4,1,4,3,1,,,,6.019357e-01,4.878070e-01,5.848345e-01,4.514092e-01,,,7.135428e-06,1.047839e-05,,solution good enough for the tolerances given,solution good enough for the tolerances given,,false
5,1.000000e+14,1,14,CONTINUE,4.582989e+02,5.112007e+02,1.000000e-09,2.838856e-06,2.811040e-14,2.836157e-17,2.965662e-06,,,2.167246e+00,3.349737e+10,5.812339e+04,6.924373e-08,5.706359e-03,REFINE_STALLED,REFINE_STALLED,,3,4,1,4,3,1,,,,1.903643e+00,1.542750e+00,1.849585e+00,1.427602e+00,,,7.135429e-06,1.047857e-05,,solution good enough for the tolerances given,solution good enough for the tolerances given,,false
6,1.000000e+00,0,34,CONTINUE,6.193905e+00,8.431108e-01,1.000000e-09,3.836711e-08,2.228691e-14,4.658541e-06,8.676266e-01,,,2.313620e+03,9.126355e+02,8.935980e+03,6.924373e-08,7.166215e-05,REACHED_FORCE,REACHED_FORCE,,17,0,0,17,0,0,,,,8.333212e-13,NaN,1.462843e-14,NaN,,,9.374659e-02,1.015924e-02,,solution good enough for the tolerances given,solution good enough for the tolerances given,,false
6,3.162000e+00,0,32,CONTINUE,6.193905e+00,8.431108e-01,1.000000e-09,3.836711e-08,2.228691e-14,4.452148e-06,8.676266e-01,,,2.313620e+03,9.126355e+02,8.935980e+03,6.924373e-08,7.166215e-05,REACHED_FORCE,REACHED_FORCE,,16,0,0,16,0,0,,,,9.897076e-14,NaN,1.241051e-15,NaN,,,9.253345e-02,1.006657e-02,,solution good enough for the tolerances given,solution good enough for the tolerances given,,false
6,1.000000e+01,0,30,CONTINUE,6.193905e+00,8.431108e-01,1.000000e-09,3.836711e-08,2.228691e-14,4.451529e-06,8.676266e-01,,,2.313620e+03,9.126355e+02,8.935980e+03,6.924373e-08,7.166215e-05,REACHED_FORCE,REACHED_FORCE,,15,0,0,15,0,0,,,,1.249407e-13,NaN,1.023560e-14,NaN,,,9.017914e-02,9.801521e-03,,solution good enough for the tolerances given,solution good enough for the tolerances given,,false
6,3.162000e+01,0,28,CONTINUE,6.193905e+00,8.431107e-01,1.000000e-09,3.836711e-08,2.228691e-14,4.252975e-06,8.676266e-01,,,2.313620e+03,9.126354e+02,8.935980e+03,6.924373e-08,7.166215e-05,REACHED_FORCE,REACHED_FORCE,,14,0,0,14,0,0,,,,1.778463e-14,NaN,1.137834e-15,NaN,,,8.364344e-02,9.051399e-03,,solution good enough for the tolerances given,solution good enough for the tolerances given,,false
6,1.000000e+02,0,26,CONTINUE,6.193905e+00,8.431107e-01,1.000000e-09,3.836711e-08,2.228691e-14,4.043968e-06,8.676266e-01,,,2.313620e+03,9.126354e+02,8.935980e+03,6.924373e-08,7.166215e-05,REACHED_FORCE,REACHED_FORCE,,13,0,0,13,0,0,,,,1.125202e-13,NaN,3.876641e-15,NaN,,,6.850828e-02,7.299075e-03,,solution good enough for the tolerances given,solution good enough for the tolerances given,,false
6,3.162000e+02,0,24,CONTINUE,6.193905e+00,8.431105e-01,1.000000e-09,3.836711e-08,2.228691e-14,3.662069e-06,8.676266e-01,,,2.313621e+03,9.126355e+02,8.935980e+03,6.924373e-08,7.166215e-05,REACHED_FORCE,REACHED_FORCE,,12,0,0,12,0,0,,,,3.510538e-12,NaN,1.359857e-13,NaN,,,4.566471e-02,4.583196e-03,,solution good enough for the tolerances given,solution good enough for the tolerances given,,false
6,1.000000e+03,0,24,CONTINUE,6.193905e+00,8.431103e-01,1.000000e-09,3.836711e-08,2.228691e-14,3.267061e-06,8.676266e-01,,,2.313619e+03,9.126354e+02,8.935980e+03,6.924373e-08,7.166215e-05,REACHED_FORCE,REACHED_FORCE,,12,0,0,12,0,0,,,,5.596855e-14,NaN,3.832658e-14,NaN,,,2.746338e-02,2.272004e-03,,solution good enough for the tolerances given,solution good enough for the tolerances given,,false
6,3.162000e+03,0,21,CONTINUE,6.193905e+00,8.431054e-01,1.000000e-09,3.836711e-08,2.228691e-14,3.267066e-06,8.676277e-01,,,2.313622e+03,9.126359e+02,8.935980e+03,6.924373e-08,7.166215e-05,REACHED_FORCE,REACHED_FORCE,,11,0,0,10,0,0,,,,1.030967e-13,NaN,2.118342e-13,NaN,,,1.803120e-02,1.159802e-03,,solution good enough for the tolerances given,solution good enough for the tolerances given,,false
6,1.000000e+04,0,20,CONTINUE,6.193905e+00,8.431038e-01,1.000000e-09,3.836711e-08,2.228691e-14,3.267081e-06,8.676270e-01,,,2.313626e+03,9.126356e+02,8.935980e+03,6.924373e-08,7.166215e-05,REACHED_FORCE,REACHED_FORCE,,10,0,0,10,0,0,,,,2.761422e-13,NaN,3.399197e-13,NaN,,,1.097864e-02,6.928255e-04,,solution good enough for the tolerances given,solution good enough for the tolerances given,,false
6,3.162000e+04,0,18,CONTINUE,6.193905e+00,8.431434e-01,1.000000e-09,3.836711e-08,2.228691e-14,3.267216e-06,8.676188e-01,,,2.313753e+03,9.126588e+02,8.935979e+03,6.924373e-08,7.166215e-05,REACHED_FORCE,REACHED_FORCE,,9,0,0,9,0,0,,,,1.708844e-12,NaN,1.821847e-12,NaN,,,5.798713e-03,4.415589e-04,,solution good enough for the tolerances given,solution good enough for the tolerances given,,false
6,1.000000e+05,0,14,CONTINUE,6.193905e+00,8.429915e-01,1.000000e-09,3.836711e-08,2.228691e-14,3.267123e-06,8.676433e-01,,,2.313514e+03,9.126372e+02,8.935980e+03,6.924373e-08,7.166215e-05,REACHED_FORCE,REACHED_FORCE,,7,0,0,7,0,0,,,,3.293272e-12,NaN,4.652020e-12,NaN,,,3.202327e-03,2.788367e-04,,solution good enough for the tolerances given,solution good enough for the tolerances given,,false
6,3.162000e+05,0,10,CONTINUE,6.193905e+00,8.428382e-01,1.000000e-09,3.836711e-08,2.228691e-14,3.267448e-06,8.676525e-01,,,2.313832e+03,9.126318e+02,8.935982e+03,6.924373e-08,7.166215e-05,REACHED_FORCE,REACHED_FORCE,,5,0,0,5,0,0,,,,4.841306e-12,NaN,1.245821e-11,NaN,,,1.750798e-03,1.550828e-04,,solution good enough for the tolerances given,solution good enough for the tolerances given,,false
6,1.000000e+06,0,9,CONTINUE,6.193905e+00,8.413732e-01,1.000000e-09,3.836711e-08,2.228691e-14,3.267452e-06,8.678497e-01,,,2.312841e+03,9.122344e+02,8.935999e+03,6.924373e-08,7.166215e-05,REACHED_FORCE,REACHED_FORCE,,5,0,0,4,0,0,,,,2.004454e-11,NaN,3.257180e-11,NaN,,,7.784973e-04,6.958586e-05,,solution good enough for the tolerances given,solution good enough for the tolerances given,,false
6,3.162000e+06,0,7,CONTINUE,6.193905e+00,8.439633e-01,1.000000e-09,3.836711e-08,2.228691e-14,3.277780e-06,8.672592e-01,,,2.319709e+03,9.130766e+02,8.935940e+03,6.924373e-08,7.166215e-05,REACHED_FORCE,REACHED_FORCE,,4,0,0,3,0,0,,,,9.501395e-11,NaN,1.140874e-10,NaN,,,2.860729e-04,2.560310e-05,,solution good enough for the tolerances given,solution good enough for the tolerances given,,false
6,1.000000e+07,0,6,CONTINUE,6.193905e+00,8.413893e-01,1.000000e-09,3.836711e-08,2.228691e-14,3.303451e-06,8.681620e-01,,,2.347443e+03,9.170172e+02,8.935828e+03,6.924373e-08,7.166215e-05,REACHED_FORCE,REACHED_FORCE,,3,0,0,3,0,0,,,,3.498980e-10,NaN,5.516087e-10,NaN,,,9.570160e-05,8.452260e-06,,solution good enough for the tolerances given,solution good enough for the tolerances given,,false
6,3.162000e+07,0,5,CONTINUE,6.193905e+00,8.475181e-01,1.000000e-09,3.836711e-08,2.228691e-14,3.383405e-06,8.641321e-01,,,2.398032e+03,9.354172e+02,8.935392e+03,6.924373e-08,7.166215e-05,REACHED_FORCE,REACHED_FORCE,,3,0,0,2,0,0,,,,6.709205e-10,NaN,1.390796e-09,NaN,,,3.114490e-05,2.453572e-06,,solution good enough for the tolerances given,solution good enough for the tolerances given,,false
6,1.000000e+08,0,4,CONTINUE,6.193905e+00,7.893484e-01,1.000000e-09,3.836711e-08,2.228691e-14,3.268208e-06,8.700398e-01,,,2.259073e+03,9.044300e+02,8.936762e+03,6.924373e-08,7.166215e-05,REACHED_FORCE,REACHED_FORCE,,2,0,0,2,0,0,,,,2.870835e-09,NaN,4.292328e-09,NaN,,,9.710220e-06,9.202808e-07,,solution good enough for the tolerances given,solution good enough for the tolerances given,,true
6,3.162000e+08,0,4,CONTINUE,6.193905e+00,1.565600e+00,1.000000e-09,3.836711e-08,2.228691e-14,3.940390e-06,7.314384e-01,,,2.515211e+03,9.619959e+02,8.935433e+03,6.924373e-08,7.166215e-05,REACHED_FORCE,REACHED_FORCE,,2,0,0,2,0,0,,,,1.081197e-08,NaN,1.364576e-08,NaN,,,3.182188e-06,2.613452e-07,,solution good enough for the tolerances given,solution good enough for the tolerances given,,false
6,1.000000e+09,0,4,CONTINUE,6.193905e+00,2.887764e+00,1.000000e-09,3.836711e-08,2.228691e-14,2.987089e-06,5.205146e-01,,,1.741538e+03,7.689528e+02,8.953329e+03,6.924373e-08,7.166215e-05,REACHED_FORCE,REACHED_FORCE,,2,0,0,2,0,0,,,,1.975996e-08,NaN,2.666542e-08,NaN,,,8.427894e-07,2.909774e-07,,solution good enough for the tolerances given,solution good enough for the tolerances given,,false
6,3.162000e+09,1,15,CONTINUE,6.193905e+00,7.836115e+00,1.000000e-09,3.836711e-08,2.228691e-14,8.969499e-13,1.517814e-01,,,2.979694e-02,1.513995e+04,9.064623e+03,6.924373e-08,7.166215e-05,REFINE_STALLED,REFINE_STALLED,,3,4,1,4,4,1,,,,8.186048e-07,6.678514e-07,7.603653e-07,7.503250e-07,,,1.016911e-07,1.472133e-07,,solution good enough for the tolerances given,solution good enough for the tolerances given,,false
6,1.000000e+10,1,14,CONTINUE,6.193905e+00,6.767752e+00,1.000000e-09,3.836711e-08,2.228691e-14,2.836156e-13,2.612035e-02,,,3.192386e-02,4.891888e+04,8.948828e+03,6.924373e-08,7.166215e-05,REFINE_STALLED,REFINE_STALLED,,3,4,1,4,3,1,,,,2.694165e-06,1.870066e-06,2.565392e-06,2.121870e-06,,,1.000060e-07,1.373412e-07,,solution good enough for the tolerances given,solution good enough for the tolerances given,,false
6,3.162000e+10,1,14,CONTINUE,6.193905e+00,6.814589e+00,1.000000e-09,3.836711e-08,2.228691e-14,8.969502e-14,8.002573e-03,,,3.090879e-02,1.502403e+05,8.949088e+03,6.924373e-08,7.166215e-05,REFINE_STALLED,REFINE_STALLED,,3,4,1,4,3,1,,,,8.479307e-06,6.558152e-06,8.069001e-06,6.107740e-06,,,9.968589e-08,1.426892e-07,,solution good enough for the tolerances given,solution good enough for the tolerances given,,false
6,1.000000e+11,1,14,CONTINUE,6.193905e+00,6.853528e+00,1.000000e-09,3.836711e-08,2.228691e-14,2.836157e-14,2.592672e-03,,,3.069358e-02,4.712586e+05,8.950574e+03,6.924373e-08,7.166215e-05,REFINE_STALLED,REFINE_STALLED,,3,4,1,4,3,1,,,,2.673475e-05,2.123241e-05,2.537290e-05,1.959983e-05,,,9.960630e-08,1.448594e-07,,solution good enough for the tolerances given,solution good enough for the tolerances given,,false
6,3.162000e+11,1,14,CONTINUE,6.193905e+00,6.861555e+00,1.000000e-09,3.836711e-08,2.228691e-14,8.969502e-15,8.246248e-04,,,3.064489e-02,1.486731e+06,8.950878e+03,6.924373e-08,7.166215e-05,REFINE_STALLED,REFINE_STALLED,,3,4,1,4,3,1,,,,8.444205e-05,6.753924e-05,8.016151e-05,6.214176e-05,,,9.958331e-08,1.454908e-07,,solution good enough for the tolerances given,solution good enough for the tolerances given,,false
6,1.000000e+12,1,14,CONTINUE,6.193905e+00,6.863643e+00,1.000000e-09,3.836711e-08,2.228691e-14,2.836157e-15,2.611566e-04,,,3.063148e-02,4.698645e+06,8.950959e+03,6.924373e-08,7.166215e-05,REFINE_STALLED,REFINE_STALLED,,3,4,1,4,3,1,,,,2.669561e-04,2.139709e-04,2.534683e-04,1.966588e-04,,,9.957625e-08,1.456836e-07,,solution good enough for the tolerances given,solution good enough for the tolerances given,,false
6,3.162000e+12,1,14,CONTINUE,6.193905e+00,6.864259e+00,1.000000e-09,3.836711e-08,2.228691e-14,8.969502e-16,8.263129e-05,,,3.062744e-02,1.485395e+07,8.950984e+03,6.924373e-08,7.166215e-05,REFINE_STALLED,REFINE_STALLED,,3,4,1,4,3,1,,,,8.440174e-04,6.769400e-04,8.014266e-04,6.219564e-04,,,9.957404e-08,1.457439e-07,,solution good enough for the tolerances given,solution good enough for the tolerances given,,false
6,1.000000e+13,1,14,CONTINUE,6.193905e+00,6.864449e+00,1.000000e-09,3.836711e-08,2.228691e-14,2.836157e-16,2.613186e-05,,,3.062618e-02,4.697327e+07,8.950992e+03,6.924373e-08,7.166215e-05,REFINE_STALLED,REFINE_STALLED,,3,4,1,4,3,1,,,,2.669156e-03,2.141220e-03,2.534517e-03,1.967090e-03,,,9.957335e-08,1.457629e-07,,solution good enough for the tolerances given,solution good enough for the tolerances given,,false
6,3.162000e+13,1,14,CONTINUE,6.193905e+00,6.864509e+00,1.000000e-09,3.836711e-08,2.228691e-14,8.969502e-17,8.264735e-06,,,3.062578e-02,1.485263e+08,8.950994e+03,6.924373e-08,7.166215e-05,REFINE_STALLED,REFINE_STALLED,,3,4,1,4,3,1,,,,8.439775e-03,6.770911e-03,8.014097e-03,6.220053e-03,,,9.957312e-08,1.457689e-07,,solution good enough for the tolerances given,solution good enough for the tolerances given,,false
6,1.000000e+14,1,14,CONTINUE,6.193905e+00,6.864528e+00,1.000000e-09,3.836711e-08,2.228691e-14,2.836157e-17,2.613345e-06,,,3.062566e-02,4.697196e+08,8.950995e+03,6.924373e-08,7.166215e-05,REFINE_STALLED,REFINE_STALLED,,3,4,1,4,3,1,,,,2.669115e-02,2.141374e-02,2.534501e-02,1.967139e-02,,,9.957306e-08,1.457708e-07,,solution good enough for the tolerances given,solution good enough for the tolerances given,,false
7,1.000000e+00,0,32,CONTINUE,7.893484e-01,3.831202e-02,1.000000e-09,4.889487e-09,2.221518e-14,9.898183e-06,9.900000e-01,,,2.470786e+03,7.097488e+01,8.942026e+03,4.319588e-08,1.621723e-05,REACHED_FORCE,REACHED_FORCE,,16,0,0,16,0,0,,,,2.378105e-12,NaN,2.858104e-14,NaN,,,5.155801e-02,4.654799e-03,,solution good enough for the tolerances given,solution good enough for the tolerances given,,false
7,3.162000e+00,0,30,CONTINUE,7.893484e-01,3.831201e-02,1.000000e-09,4.889487e-09,2.221518e-14,9.896550e-06,9.900000e-01,,,2.470786e+03,7.097488e+01,8.942026e+03,4.319588e-08,1.621723e-05,REACHED_FORCE,REACHED_FORCE,,15,0,0,15,0,0,,,,2.042537e-13,NaN,5.405024e-15,NaN,,,5.080874e-02,4.586773e-03,,solution good enough for the tolerances given,solution good enough for the tolerances given,,false
7,1.000000e+01,0,28,CONTINUE,7.893484e-01,3.831201e-02,1.000000e-09,4.889487e-09,2.221518e-14,9.653345e-06,9.900000e-01,,,2.470786e+03,7.097488e+01,8.942026e+03,4.319588e-08,1.621723e-05,REACHED_FORCE,REACHED_FORCE,,14,0,0,14,0,0,,,,2.367705e-13,NaN,5.903057e-15,NaN,,,4.861883e-02,4.386646e-03,,solution good enough for the tolerances given,solution good enough for the tolerances given,,false
7,3.162000e+01,0,27,CONTINUE,7.893484e-01,3.831189e-02,1.000000e-09,4.889487e-09,2.221518e-14,9.403341e-06,9.900000e-01,,,2.470786e+03,7.097487e+01,8.942026e+03,4.319588e-08,1.621723e-05,REACHED_FORCE,REACHED_FORCE,,14,0,0,13,0,0,,,,2.408377e-15,NaN,5.156737e-14,NaN,,,4.286249e-02,3.860160e-03,,solution good enough for the tolerances given,solution good enough for the tolerances given,,false
7,1.000000e+02,0,26,CONTINUE,7.893484e-01,3.831165e-02,1.000000e-09,4.889487e-09,2.221518e-14,9.364928e-06,9.900000e-01,,,2.470786e+03,7.097487e+01,8.942026e+03,4.319588e-08,1.621723e-05,REACHED_FORCE,REACHED_FORCE,,13,0,0,13,0,0,,,,7.788825e-15,NaN,5.921845e-15,NaN,,,3.160362e-02,2.828932e-03,,solution good enough for the tolerances given,solution good enough for the tolerances given,,false
7,3.162000e+02,0,24,CONTINUE,7.893484e-01,3.831273e-02,1.000000e-09,4.889487e-09,2.221518e-14,7.351010e-06,9.900000e-01,,,2.470787e+03,7.097512e+01,8.942026e+03,4.319588e-08,1.621723e-05,REACHED_FORCE,REACHED_FORCE,,12,0,0,12,0,0,,,,2.430295e-14,NaN,1.240392e-14,NaN,,,1.870369e-02,1.650269e-03,,solution good enough for the tolerances given,solution good enough for the tolerances given,,false
7,1.000000e+03,0,21,CONTINUE,7.893484e-01,3.831119e-02,1.000000e-09,4.889487e-09,2.221518e-14,7.351009e-06,9.900000e-01,,,2.470784e+03,7.097488e+01,8.942026e+03,4.319588e-08,1.621723e-05,REACHED_FORCE,REACHED_FORCE,,11,0,0,10,0,0,,,,6.919168e-14,NaN,5.529182e-14,NaN,,,1.061348e-02,9.620165e-04,,solution good enough for the tolerances given,solution good enough for the tolerances given,,false
7,3.162000e+03,0,20,CONTINUE,7.893484e-01,3.831491e-02,1.000000e-09,4.889487e-09,2.221518e-14,7.351048e-06,9.900000e-01,,,2.470800e+03,7.097546e+01,8.942026e+03,4.319588e-08,1.621723e-05,REACHED_FORCE,REACHED_FORCE,,10,0,0,10,0,0,,,,1.310167e-13,NaN,1.564722e-13,NaN,,,6.109345e-03,6.619070e-04,,solution good enough for the tolerances given,solution good enough for the tolerances given,,false
7,1.000000e+04,0,19,CONTINUE,7.893484e-01,3.830139e-02,1.000000e-09,4.889487e-09,2.221518e-14,7.351099e-06,9.900000e-01,,,2.470795e+03,7.097514e+01,8.942027e+03,4.319588e-08,1.621723e-05,REACHED_FORCE,REACHED_FORCE,,10,0,0,9,0,0,,,,3.493711e-13,NaN,4.356297e-13,NaN,,,3.056847e-03,4.231831e-04,,solution good enough for the tolerances given,solution good enough for the tolerances given,,false
7,3.162000e+04,0,17,CONTINUE,7.893484e-01,3.826893e-02,1.000000e-09,4.889487e-09,2.221518e-14,7.351435e-06,9.900000e-01,,,2.470921e+03,7.096446e+01,8.942027e+03,4.319588e-08,1.621723e-05,REACHED_FORCE,REACHED_FORCE,,9,0,0,8,0,0,,,,1.414670e-12,NaN,2.039206e-12,NaN,,,1.357520e-03,2.297691e-04,,solution good enough for the tolerances given,solution good enough for the tolerances given,,false
7,1.000000e+05,0,13,CONTINUE,7.893484e-01,3.818199e-02,1.000000e-09,4.889487e-09,2.221518e-14,7.352271e-06,9.900000e-01,,,2.470981e+03,7.096369e+01,8.942028e+03,4.319588e-08,1.621723e-05,REACHED_FORCE,REACHED_FORCE,,7,0,0,6,0,0,,,,3.745819e-12,NaN,4.107561e-12,NaN,,,5.442407e-04,1.152987e-04,,solution good enough for the tolerances given,solution good enough for the tolerances given,,false
7,3.162000e+05,0,10,CONTINUE,7.893484e-01,3.757216e-02,1.000000e-09,4.889487e-09,2.221518e-14,7.351312e-06,9.900000e-01,,,2.469318e+03,7.090346e+01,8.942036e+03,4.319588e-08,1.621723e-05,REACHED_FORCE,REACHED_FORCE,,5,0,0,5,0,0,,,,1.909282e-11,NaN,9.657301e-12,NaN,,,1.958466e-04,5.144904e-05,,solution good enough for the tolerances given,solution good enough for the tolerances given,,false
7,1.000000e+06,0,8,CONTINUE,7.893484e-01,3.614441e-02,1.000000e-09,4.889487e-09,2.221518e-14,7.358843e-06,9.900000e-01,,,2.470560e+03,7.094438e+01,8.942046e+03,4.319588e-08,1.621723e-05,REACHED_FORCE,REACHED_FORCE,,4,0,0,4,0,0,,,,4.923584e-11,NaN,3.602392e-11,NaN,,,6.549437e-05,1.935657e-05,,solution good enough for the tolerances given,solution good enough for the tolerances given,,false
7,3.162000e+06,0,6,CONTINUE,7.893484e-01,3.271271e-02,1.000000e-09,4.889487e-09,2.221518e-14,7.370690e-06,9.900000e-01,,,2.463097e+03,7.043441e+01,8.942102e+03,4.319588e-08,1.621723e-05,REACHED_FORCE,REACHED_FORCE,,3,0,0,3,0,0,,,,1.889297e-10,NaN,1.617161e-10,NaN,,,2.110543e-05,6.260094e-06,,solution good enough for the tolerances given,solution good enough for the tolerances given,,false
7,1.000000e+07,0,6,CONTINUE,7.893484e-01,4.619936e-01,1.000000e-09,4.889487e-09,2.221518e-14,7.459028e-06,4.047357e-01,,,2.501968e+03,6.849684e+01,8.938862e+03,4.319588e-08,1.621723e-05,REACHED_FORCE,REACHED_FORCE,,3,0,0,3,0,0,,,,4.275167e-10,NaN,4.500045e-10,NaN,,,6.692539e-06,1.918984e-06,,solution good enough for the tolerances given,solution good enough for the tolerances given,,false
7,3.162000e+07,0,4,CONTINUE,7.893484e-01,1.827995e-01,1.000000e-09,4.889487e-09,2.221518e-14,7.397462e-06,9.900000e-01,,,2.451085e+03,1.122235e+02,8.941701e+03,4.319588e-08,1.621723e-05,REACHED_FORCE,REACHED_FORCE,,2,0,0,2,0,0,,,,1.093308e-09,NaN,1.088244e-09,NaN,,,2.273097e-06,2.111681e-06,,solution good enough for the tolerances given,solution good enough for the tolerances given,,true
7,1.000000e+08,0,6,CONTINUE,7.893484e-01,4.222358e-01,1.000000e-09,4.889487e-09,2.221518e-14,7.978748e-06,9.900000e-01,,,2.593109e+03,1.536584e+02,8.940183e+03,4.319588e-08,1.621723e-05,REACHED_FORCE,REACHED_FORCE,,2,0,0,2,2,1,,,,3.345208e-09,NaN,5.893422e-09,3.685043e-10,,,9.241180e-07,1.376282e-06,,solution good enough for the tolerances given,solution good enough for the tolerances given,,false
7,3.162000e+08,1,10,CONTINUE,7.893484e-01,7.593385e-01,1.000000e-09,4.889487e-09,2.221518e-14,1.077883e-05,3.182406e-02,,,1.949237e+03,8.827716e+01,8.936888e+03,4.319588e-08,1.621723e-05,REFINE_STALLED,REFINE_STALLED,,2,4,2,2,2,1,,,,1.725974e-08,5.664341e-09,1.708768e-08,1.364298e-08,,,5.516010e-07,4.190882e-07,,solution good enough for the tolerances given,solution good enough for the tolerances given,,false
7,1.000000e+09,1,15,CONTINUE,7.893484e-01,7.587954e-01,1.000000e-09,4.889487e-09,2.221518e-14,2.836155e-12,1.362786e-01,,,3.921308e-03,6.339135e+02,8.934234e+03,4.319588e-08,1.621723e-05,REFINE_STALLED,REFINE_STALLED,,3,4,1,4,4,1,,,,2.530265e-08,2.692902e-08,3.799874e-08,2.700530e-08,,,1.712761e-08,1.869037e-08,,solution good enough for the tolerances given,solution good enough for the tolerances given,,false
7,3.162000e+09,1,14,CONTINUE,7.893484e-01,1.031293e+00,1.000000e-09,4.889487e-09,2.221518e-14,8.969501e-13,1.709154e-01,,,4.170786e-03,2.009799e+03,8.934690e+03,4.319588e-08,1.621723e-05,REFINE_STALLED,REFINE_STALLED,,3,4,1,4,3,1,,,,9.942214e-08,8.876133e-08,1.100297e-07,9.865261e-08,,,1.344932e-08,1.828107e-08,,solution good enough for the tolerances given,solution good enough for the tolerances given,,false
7,1.000000e+10,1,13,CONTINUE,7.893484e-01,9.364168e-01,1.000000e-09,4.889487e-09,2.221518e-14,2.836156e-13,4.563064e-02,,,3.153346e-03,5.334914e+03,8.935179e+03,4.319588e-08,1.621723e-05,REFINE_STALLED,REFINE_STALLED,,3,4,1,3,3,1,,,,3.337732e-07,2.671650e-07,2.167420e-07,2.455809e-07,,,1.278313e-08,1.816970e-08,,solution good enough for the tolerances given,solution good enough for the tolerances given,,false
7,3.162000e+10,1,14,CONTINUE,7.893484e-01,8.653492e-01,1.000000e-09,4.889487e-09,2.221518e-14,8.969502e-14,7.759396e-03,,,3.952335e-03,1.919255e+04,8.934822e+03,4.319588e-08,1.621723e-05,REFINE_STALLED,REFINE_STALLED,,3,4,1,4,3,1,,,,1.069087e-06,8.989478e-07,1.041027e-06,7.792673e-07,,,1.263695e-08,1.878064e-08,,solution good enough for the tolerances given,solution good enough for the tolerances given,,false
7,1.000000e+11,1,14,CONTINUE,7.893484e-01,8.733084e-01,1.000000e-09,4.889487e-09,2.221518e-14,2.836157e-14,2.537087e-03,,,3.907036e-03,6.026890e+04,8.934549e+03,4.319588e-08,1.621723e-05,REFINE_STALLED,REFINE_STALLED,,3,4,1,4,3,1,,,,3.390660e-06,2.834430e-06,3.248058e-06,2.510760e-06,,,1.259755e-08,1.881120e-08,,solution good enough for the tolerances given,solution good enough for the tolerances given,,false
7,3.162000e+11,1,14,CONTINUE,7.893484e-01,8.747465e-01,1.000000e-09,4.889487e-09,2.221518e-14,8.969502e-15,8.048469e-04,,,3.898555e-03,1.903091e+05,8.934501e+03,4.319588e-08,1.621723e-05,REFINE_STALLED,REFINE_STALLED,,3,4,1,4,3,1,,,,1.072910e-05,8.943392e-06,1.022746e-05,7.934709e-06,,,1.258578e-08,1.880730e-08,,solution good enough for the tolerances given,solution good enough for the tolerances given,,false
7,1.000000e+12,1,14,CONTINUE,7.893484e-01,8.749996e-01,1.000000e-09,4.889487e-09,2.221518e-14,2.836157e-15,2.544828e-04,,,3.896532e-03,6.016585e+05,8.934493e+03,4.319588e-08,1.621723e-05,REFINE_STALLED,REFINE_STALLED,,3,4,1,4,3,1,,,,3.393856e-05,2.826103e-05,3.230304e-05,2.506594e-05,,,1.258213e-08,1.880440e-08,,solution good enough for the tolerances given,solution good enough for the tolerances given,,false
7,3.162000e+12,1,14,CONTINUE,7.893484e-01,8.750600e-01,1.000000e-09,4.889487e-09,2.221518e-14,8.969502e-16,8.047314e-05,,,3.895951e-03,1.902255e+06,8.934492e+03,4.319588e-08,1.621723e-05,REFINE_STALLED,REFINE_STALLED,,3,4,1,4,3,1,,,,1.073209e-04,8.933721e-05,1.021008e-04,7.922367e-05,,,1.258098e-08,1.880329e-08,,solution good enough for the tolerances given,solution good enough for the tolerances given,,false
7,1.000000e+13,1,14,CONTINUE,7.893484e-01,8.750772e-01,1.000000e-09,4.889487e-09,2.221518e-14,2.836157e-16,2.544454e-05,,,3.895773e-03,6.015805e+06,8.934491e+03,4.319588e-08,1.621723e-05,REFINE_STALLED,REFINE_STALLED,,3,4,1,4,3,1,,,,3.394150e-04,2.825091e-04,3.228583e-04,2.505123e-04,,,1.258062e-08,1.880293e-08,,solution good enough for the tolerances given,solution good enough for the tolerances given,,false
7,3.162000e+13,1,14,CONTINUE,7.893484e-01,8.750824e-01,1.000000e-09,4.889487e-09,2.221518e-14,8.969502e-17,8.046875e-06,,,3.895717e-03,1.902179e+07,8.934491e+03,4.319588e-08,1.621723e-05,REFINE_STALLED,REFINE_STALLED,,3,4,1,4,3,1,,,,1.073238e-03,8.932695e-04,1.020837e-03,7.920834e-04,,,1.258051e-08,1.880281e-08,,solution good enough for the tolerances given,solution good enough for the tolerances given,,false
7,1.000000e+14,1,14,CONTINUE,7.893484e-01,8.750841e-01,1.000000e-09,4.889487e-09,2.221518e-14,2.836157e-17,2.544407e-06,,,3.895699e-03,6.015729e+07,8.934491e+03,4.319588e-08,1.621723e-05,REFINE_STALLED,REFINE_STALLED,,3,4,1,4,3,1,,,,3.394182e-03,2.824989e-03,3.228408e-03,2.504967e-03,,,1.258047e-08,1.880277e-08,,solution good enough for the tolerances given,solution good enough for the tolerances given,,false
8,1.000000e+00,0,32,CONTINUE,1.827995e-01,2.165948e-03,1.000000e-09,1.132321e-09,2.220517e-14,1.157581e-05,9.886002e-01,,,2.042845e+02,5.927028e+01,8.942500e+03,4.588450e-08,1.207708e-05,REACHED_FORCE,REACHED_FORCE,,16,0,0,16,0,0,,,,5.219173e-14,NaN,2.330811e-16,NaN,,,4.622764e-03,1.106542e-04,,solution good enough for the tolerances given,solution good enough for the tolerances given,,false
8,3.162000e+00,0,30,CONTINUE,1.827995e-01,2.165948e-03,1.000000e-09,1.132321e-09,2.220517e-14,1.157488e-05,9.886002e-01,,,2.042845e+02,5.927028e+01,8.942500e+03,4.588450e-08,1.207708e-05,REACHED_FORCE,REACHED_FORCE,,15,0,0,15,0,0,,,,4.457358e-15,NaN,2.654321e-17,NaN,,,4.609973e-03,1.092337e-04,,solution good enough for the tolerances given,solution good enough for the tolerances given,,false
8,1.000000e+01,0,28,CONTINUE,1.827995e-01,2.165949e-03,1.000000e-09,1.132321e-09,2.220517e-14,1.103292e-05,9.886002e-01,,,2.042845e+02,5.927028e+01,8.942500e+03,4.588450e-08,1.207708e-05,REACHED_FORCE,REACHED_FORCE,,14,0,0,14,0,0,,,,9.065419e-15,NaN,5.447839e-17,NaN,,,4.596950e-03,1.051542e-04,,solution good enough for the tolerances given,solution good enough for the tolerances given,,false
8,3.162000e+01,0,26,CONTINUE,1.827995e-01,2.165948e-03,1.000000e-09,1.132321e-09,2.220517e-14,1.098494e-05,9.886002e-01,,,2.042845e+02,5.927028e+01,8.942500e+03,4.588450e-08,1.207708e-05,REACHED_FORCE,REACHED_FORCE,,13,0,0,13,0,0,,,,6.611327e-14,NaN,6.118319e-16,NaN,,,4.559107e-03,9.485211e-05,,solution good enough for the tolerances given,solution good enough for the tolerances given,,false
8,1.000000e+02,0,25,CONTINUE,1.827995e-01,2.165954e-03,1.000000e-09,1.132321e-09,2.220517e-14,1.079967e-05,9.886002e-01,,,2.042845e+02,5.927028e+01,8.942500e+03,4.588450e-08,1.207708e-05,REACHED_FORCE,REACHED_FORCE,,13,0,0,12,0,0,,,,2.172284e-16,NaN,2.293403e-14,NaN,,,4.444551e-03,7.652410e-05,,solution good enough for the tolerances given,solution good enough for the tolerances given,,false
8,3.162000e+02,0,24,CONTINUE,1.827995e-01,2.165904e-03,1.000000e-09,1.132321e-09,2.220517e-14,8.465742e-06,9.886003e-01,,,2.042844e+02,5.927028e+01,8.942500e+03,4.588450e-08,1.207708e-05,REACHED_FORCE,REACHED_FORCE,,12,0,0,12,0,0,,,,1.263448e-15,NaN,1.086463e-15,NaN,,,4.120141e-03,5.797473e-05,,solution good enough for the tolerances given,solution good enough for the tolerances given,,false
8,1.000000e+03,0,20,CONTINUE,1.827995e-01,2.166008e-03,1.000000e-09,1.132321e-09,2.220517e-14,8.465632e-06,9.885997e-01,,,2.042842e+02,5.927029e+01,8.942500e+03,4.588450e-08,1.207708e-05,REACHED_FORCE,REACHED_FORCE,,10,0,0,10,0,0,,,,2.883289e-14,NaN,4.038408e-15,NaN,,,3.356933e-03,4.316726e-05,,solution good enough for the tolerances given,solution good enough for the tolerances given,,false
8,3.162000e+03,0,20,CONTINUE,1.827995e-01,2.165794e-03,1.000000e-09,1.132321e-09,2.220517e-14,8.465662e-06,9.886011e-01,,,2.042839e+02,5.927020e+01,8.942500e+03,4.588450e-08,1.207708e-05,REACHED_FORCE,REACHED_FORCE,,10,0,0,10,0,0,,,,1.418784e-14,NaN,6.389826e-15,NaN,,,2.156820e-03,2.698158e-05,,solution good enough for the tolerances given,solution good enough for the tolerances given,,false
8,1.000000e+04,0,18,CONTINUE,1.827995e-01,2.165508e-03,1.000000e-09,1.132321e-09,2.220517e-14,8.465746e-06,9.886003e-01,,,2.042834e+02,5.927011e+01,8.942500e+03,4.588450e-08,1.207708e-05,REACHED_FORCE,REACHED_FORCE,,9,0,0,9,0,0,,,,4.631221e-14,NaN,3.570820e-14,NaN,,,1.113581e-03,1.314306e-05,,solution good enough for the tolerances given,solution good enough for the tolerances given,,false
8,3.162000e+04,0,15,CONTINUE,1.827995e-01,2.168090e-03,1.000000e-09,1.132321e-09,2.220517e-14,8.465775e-06,9.885889e-01,,,2.042747e+02,5.926928e+01,8.942500e+03,4.588450e-08,1.207708e-05,REACHED_FORCE,REACHED_FORCE,,8,0,0,7,0,0,,,,1.076472e-13,NaN,8.770092e-14,NaN,,,5.766223e-04,5.602910e-06,,solution good enough for the tolerances given,solution good enough for the tolerances given,,false
8,1.000000e+05,0,11,CONTINUE,1.827995e-01,2.194330e-03,1.000000e-09,1.132321e-09,2.220517e-14,8.467183e-06,9.884756e-01,,,2.042606e+02,5.926871e+01,8.942500e+03,4.588450e-08,1.207708e-05,REACHED_FORCE,REACHED_FORCE,,6,0,0,5,0,0,,,,3.205500e-13,NaN,3.595396e-13,NaN,,,3.109851e-04,2.311984e-06,,solution good enough for the tolerances given,solution good enough for the tolerances given,,false
8,3.162000e+05,0,9,CONTINUE,1.827995e-01,2.240949e-03,1.000000e-09,1.132321e-09,2.220517e-14,8.472279e-06,9.882797e-01,,,2.041933e+02,5.927098e+01,8.942499e+03,4.588450e-08,1.207708e-05,REACHED_FORCE,REACHED_FORCE,,5,0,0,4,0,0,,,,9.068582e-13,NaN,1.254718e-12,NaN,,,1.430361e-04,9.025651e-07,,solution good enough for the tolerances given,solution good enough for the tolerances given,,false
8,1.000000e+06,0,7,CONTINUE,1.827995e-01,2.805345e-03,1.000000e-09,1.132321e-09,2.220517e-14,8.474649e-06,9.847989e-01,,,2.040185e+02,5.925100e+01,8.942496e+03,4.588450e-08,1.207708e-05,REACHED_FORCE,REACHED_FORCE,,4,0,0,3,0,0,,,,3.171517e-12,NaN,2.939003e-12,NaN,,,5.390012e-05,3.198190e-07,,solution good enough for the tolerances given,solution good enough for the tolerances given,,false
8,3.162000e+06,0,7,CONTINUE,1.827995e-01,3.593830e-03,1.000000e-09,1.132321e-09,2.220517e-14,8.499978e-06,9.810088e-01,,,2.030896e+02,5.919033e+01,8.942490e+03,4.588450e-08,1.207708e-05,REACHED_FORCE,REACHED_FORCE,,4,0,0,3,0,0,,,,8.154574e-12,NaN,7.938418e-12,NaN,,,1.817687e-05,1.058616e-07,,solution good enough for the tolerances given,solution good enough for the tolerances given,,false
8,1.000000e+07,0,5,CONTINUE,1.827995e-01,5.148315e-03,1.000000e-09,1.132321e-09,2.220517e-14,8.631794e-06,9.750238e-01,,,2.024272e+02,5.898101e+01,8.942490e+03,4.588450e-08,1.207708e-05,REACHED_FORCE,REACHED_FORCE,,3,0,0,2,0,0,,,,3.605611e-11,NaN,4.003173e-11,NaN,,,5.854551e-06,3.459630e-08,,solution good enough for the tolerances given,solution good enough for the tolerances given,,false
8,3.162000e+07,0,5,CONTINUE,1.827995e-01,2.183561e-02,1.000000e-09,1.132321e-09,2.220517e-14,8.925910e-06,8.743375e-01,,,1.937688e+02,5.917332e+01,8.942372e+03,4.588450e-08,1.207708e-05,REACHED_FORCE,REACHED_FORCE,,3,0,0,2,0,0,,,,9.147716e-11,NaN,8.256790e-11,NaN,,,1.870222e-06,9.901118e-09,,solution good enough for the tolerances given,solution good enough for the tolerances given,,false
8,1.000000e+08,0,4,CONTINUE,1.827995e-01,3.103037e-02,1.000000e-09,1.132321e-09,2.220517e-14,9.915040e-06,8.304675e-01,,,1.867469e+02,5.876374e+01,8.942345e+03,4.588450e-08,1.207708e-05,REACHED_FORCE,REACHED_FORCE,,2,0,0,2,0,0,,,,2.144526e-10,NaN,1.524861e-10,NaN,,,5.887285e-07,3.577349e-09,,solution good enough for the tolerances given,solution good enough for the tolerances given,,true
8,3.162000e+08,0,4,CONTINUE,1.827995e-01,8.159681e-02,1.000000e-09,1.132321e-09,2.220517e-14,1.390841e-05,5.674406e-01,,,1.953747e+02,6.111161e+01,8.941899e+03,4.588450e-08,1.207708e-05,REACHED_FORCE,REACHED_FORCE,,2,0,0,2,0,0,,,,9.274800e-10,NaN,1.018349e-09,NaN,,,1.982546e-07,6.159256e-09,,solution good enough for the tolerances given,solution good enough for the tolerances given,,false
8,1.000000e+09,1,10,CONTINUE,1.827995e-01,1.091270e-01,1.000000e-09,1.132321e-09,2.220517e-14,2.836155e-12,5.455714e-01,,,3.342144e-04,3.001924e+01,8.941940e+03,4.588450e-08,1.207708e-05,REFINE_STALLED,REFINE_STALLED,,3,2,1,3,2,1,,,,2.337225e-09,1.689404e-09,2.504004e-09,1.686421e-09,,,4.025954e-09,1.754599e-09,,solution good enough for the tolerances given,solution good enough for the tolerances given,,false
8,3.162000e+09,1,14,CONTINUE,1.827995e-01,1.503204e-01,1.000000e-09,1.132321e-09,2.220517e-14,8.969500e-13,2.316270e-01,,,3.551849e-04,1.098396e+02,8.942567e+03,4.588450e-08,1.207708e-05,REFINE_STALLED,REFINE_STALLED,,3,3,1,3,5,2,,,,7.518473e-09,4.029830e-09,8.894089e-09,4.388873e-09,,,2.625387e-09,2.219043e-09,,solution good enough for the tolerances given,solution good enough for the tolerances given,,false
8,1.000000e+10,1,15,CONTINUE,1.827995e-01,1.791473e-01,1.000000e-09,1.132321e-09,2.220517e-14,2.836157e-13,1.014026e-01,,,3.411422e-04,4.124132e+02,8.942702e+03,4.588450e-08,1.207708e-05,REFINE_STALLED,REFINE_STALLED,,3,5,2,3,4,2,,,,2.680668e-08,1.198077e-08,3.011607e-08,1.187004e-08,,,2.260562e-09,2.035587e-09,,solution good enough for the tolerances given,solution good enough for the tolerances given,,false
8,3.162000e+10,1,12,CONTINUE,1.827995e-01,1.681498e-01,1.000000e-09,1.132321e-09,2.220517e-14,8.969502e-14,2.579808e-02,,,3.010340e-04,1.294590e+03,8.942179e+03,4.588450e-08,1.207708e-05,REFINE_STALLED,REFINE_STALLED,,3,5,2,2,2,1,,,,8.612885e-08,3.588444e-08,9.454626e-08,5.018394e-08,,,2.159382e-09,2.060147e-09,,solution good enough for the tolerances given,solution good enough for the tolerances given,,false
8,1.000000e+11,1,14,CONTINUE,1.827995e-01,1.776118e-01,1.000000e-09,1.132321e-09,2.220517e-14,2.836157e-14,7.658896e-03,,,3.596454e-04,4.280946e+03,8.942712e+03,4.588450e-08,1.207708e-05,REFINE_STALLED,REFINE_STALLED,,2,5,2,2,5,2,,,,2.488451e-07,1.089467e-07,3.149254e-07,1.433876e-07,,,2.129114e-09,1.668358e-09,,solution good enough for the tolerances given,solution good enough for the tolerances given,,false
8,3.162000e+11,1,14,CONTINUE,1.827995e-01,1.808939e-01,1.000000e-09,1.132321e-09,2.220517e-14,8.969502e-15,2.515347e-03,,,3.578730e-04,1.394059e+04,8.942684e+03,4.588450e-08,1.207708e-05,REFINE_STALLED,REFINE_STALLED,,2,5,2,2,5,2,,,,7.893374e-07,3.414110e-07,1.013970e-06,4.306391e-07,,,2.119728e-09,1.614524e-09,,solution good enough for the tolerances given,solution good enough for the tolerances given,,false
8,1.000000e+12,1,13,CONTINUE,1.827995e-01,1.870977e-01,1.000000e-09,1.132321e-09,2.220517e-14,2.836157e-15,9.930951e-04,,,3.521509e-04,4.386029e+04,8.942526e+03,4.588450e-08,1.207708e-05,REFINE_STALLED,REFINE_STALLED,,2,5,2,2,4,2,,,,2.498734e-06,1.077233e-06,3.219340e-06,1.288421e-06,,,2.116778e-09,1.604927e-09,,solution good enough for the tolerances given,solution good enough for the tolerances given,,false
8,3.162000e+12,1,13,CONTINUE,1.827995e-01,1.877613e-01,1.000000e-09,1.132321e-09,2.220517e-14,8.969502e-16,3.148379e-04,,,3.494025e-04,1.395250e+05,8.942555e+03,4.588450e-08,1.207708e-05,REFINE_STALLED,REFINE_STALLED,,2,5,2,2,4,2,,,,7.903376e-06,3.403933e-06,1.018916e-05,3.976286e-06,,,2.115848e-09,1.602811e-09,,solution good enough for the tolerances given,solution good enough for the tolerances given,,false
8,1.000000e+13,1,13,CONTINUE,1.827995e-01,1.879730e-01,1.000000e-09,1.132321e-09,2.220517e-14,2.836157e-16,9.963512e-05,,,3.485297e-04,4.421301e+05,8.942565e+03,4.588450e-08,1.207708e-05,REFINE_STALLED,REFINE_STALLED,,2,5,2,2,4,2,,,,2.499724e-05,1.076290e-05,3.223232e-05,1.247193e-05,,,2.115554e-09,1.602237e-09,,solution good enough for the tolerances given,solution good enough for the tolerances given,,false
8,3.162000e+13,1,13,CONTINUE,1.827995e-01,1.880397e-01,1.000000e-09,1.132321e-09,2.220517e-14,8.969502e-17,3.151866e-05,,,3.482556e-04,1.398898e+06,8.942568e+03,4.588450e-08,1.207708e-05,REFINE_STALLED,REFINE_STALLED,,2,5,2,2,4,2,,,,7.904371e-05,3.402997e-05,1.019268e-04,3.933181e-05,,,2.115461e-09,1.602066e-09,,solution good enough for the tolerances given,solution good enough for the tolerances given,,false
8,1.000000e+14,1,13,CONTINUE,1.827995e-01,1.880607e-01,1.000000e-09,1.132321e-09,2.220517e-14,2.836157e-17,9.967047e-06,,,3.481691e-04,4.424976e+06,8.942569e+03,4.588450e-08,1.207708e-05,REFINE_STALLED,REFINE_STALLED,,2,5,2,2,4,2,,,,2.499823e-04,1.076194e-04,3.223570e-04,1.242843e-04,,,2.115431e-09,1.602012e-09,,solution good enough for the tolerances given,solution good enough for the tolerances given,,false
