06	ipm	9	9	1.00	0.44	0.0e+00	3.5	5:ceil,6:ceil,8:ceil,9:ceil	45.8	831
06	hsd	9	7	0.71	0.71	0.0e+00	3.5	2:ceil,3:ceil,4:ceil,5:ceil,6:ceil,7:ceil	53.5	833
07	ipm	8	8	1.00	0.00	0.0e+00	3.5	none	54.8	872
07	hsd	17	14	0.71	0.43	0.0e+00	3.5	1:ceil,2:floor,3:floor,3:ceil,4:floor,4:ceil,5:ceil,6:ceil,7:ceil,8:ceil,9:ceil,10:ceil,11:ceil,12:ceil,13:ceil,14:ceil	72.8	1571
13	ipm	19	17	0.88	0.29	0.0e+00	3.5	1:ceil,4:ceil,5:ceil,6:ceil,7:ceil,8:ceil,9:ceil,10:ceil,11:ceil,13:ceil,14:ceil	47.5	1820
13	hsd	17	17	0.82	0.94	0.0e+00	3.5	1:ceil,3:floor,3:ceil,4:ceil,5:ceil,6:ceil,7:ceil,9:ceil,10:ceil,11:ceil,12:ceil,13:ceil,14:ceil,16:ceil	54.1	1402
SOS_P4_n13_s1	ipm	12	12	1.00	0.67	0.0e+00	3.5	1:ceil,2:ceil,3:ceil,5:ceil,6:ceil,7:ceil,8:ceil,9:ceil,10:ceil,11:ceil,12:ceil	51.9	1167
SOS_P4_n13_s1	hsd	16	12	1.00	0.75	0.0e+00	3.5	2:ceil,5:ceil,6:ceil,7:ceil,8:ceil,9:ceil,10:ceil,11:ceil,12:floor,12:ceil	59.9	1154
SOS_P8_n9_s1	ipm	12	12	1.00	0.42	0.0e+00	3.5	1:ceil,3:ceil,4:ceil,5:ceil,6:ceil,7:ceil,8:ceil,9:ceil,10:ceil,11:ceil,12:ceil	50.7	1157
SOS_P8_n9_s1	hsd	17	14	1.00	0.86	0.0e+00	3.5	7:ceil,9:ceil,10:ceil,11:ceil,12:ceil,13:ceil,14:floor,14:ceil	59.0	1276
X03	ipm	6	6	1.00	0.50	0.0e+00	3.5	1:ceil,2:ceil,4:ceil,5:ceil,6:ceil	25.1	540
X03	hsd	7	7	0.86	1.00	0.0e+00	3.5	1:ceil,2:ceil,3:ceil,6:ceil	32.8	728
X06b	ipm	8	8	1.00	0.12	0.0e+00	3.5	1:ceil,2:ceil,4:ceil,5:ceil,6:ceil,7:ceil,8:ceil	45.4	886
X06b	hsd	9	9	0.89	0.89	0.0e+00	3.5	2:ceil,4:ceil,5:ceil,6:ceil	52.1	792
X08b	ipm	9	9	1.00	0.11	0.0e+00	3.5	5:ceil,6:ceil	26.0	1129
X08b	hsd	8	8	0.62	0.25	0.0e+00	3.5	1:floor,2:floor,2:ceil,3:ceil,5:ceil,6:ceil,7:ceil,8:ceil	35.3	974
X09	ipm	12	12	0.75	0.08	0.0e+00	3.5	1:ceil,3:ceil,6:ceil,7:ceil,8:ceil,9:ceil	45.5	1494
X09	hsd	11	11	0.73	0.45	0.0e+00	3.5	1:ceil,2:ceil,4:floor,4:ceil,5:ceil,7:ceil,8:ceil,9:ceil,11:ceil	52.8	1137
e01	ipm	13	13	1.00	0.23	0.0e+00	3.5	1:ceil,2:ceil,3:ceil,4:ceil,5:ceil,6:ceil,7:ceil,8:ceil,11:ceil,13:ceil	58.7	1337
e01	hsd	17	17	1.00	0.41	0.0e+00	3.5	1:ceil,2:ceil,3:ceil,4:ceil,5:ceil,7:ceil,10:ceil,13:ceil,14:ceil,15:ceil,16:ceil,17:ceil	70.8	1645
e02	ipm	7	7	1.00	0.29	0.0e+00	3.5	1:ceil,2:ceil,3:ceil,4:ceil,5:ceil,6:ceil,7:ceil	49.5	700
e02	hsd	7	6	1.00	0.67	0.0e+00	3.5	1:ceil,2:ceil,6:floor	57.0	603
e03	ipm	10	10	0.90	0.10	0.0e+00	3.5	1:ceil,2:floor,2:ceil,4:ceil,5:ceil,6:ceil,7:ceil,8:ceil,9:floor,9:ceil,10:ceil	46.6	1114
e03	hsd	11	11	0.91	0.91	0.0e+00	3.5	1:ceil,3:ceil,4:ceil,5:ceil,6:ceil,8:ceil,9:ceil,10:ceil,11:floor	53.1	996
e04	ipm	11	11	1.00	0.55	0.0e+00	3.5	1:ceil,2:ceil,6:ceil,9:ceil,10:ceil,11:ceil	55.8	968
e04	hsd	16	13	1.00	0.85	0.0e+00	3.5	1:ceil,3:ceil,4:ceil,5:ceil,6:ceil,7:ceil,8:ceil,9:ceil,10:ceil,11:ceil,12:floor,12:ceil,13:ceil	64.3	1138
e05	ipm	10	10	1.00	0.30	0.0e+00	3.5	7:ceil,8:ceil,10:ceil	93.0	978
e05	hsd	11	11	0.82	0.82	0.0e+00	3.5	1:floor,2:floor,5:ceil,7:floor,9:ceil,10:ceil,11:floor,11:ceil	114.2	1031
e08	ipm	21	21	0.86	0.57	0.0e+00	3.5	3:ceil,4:ceil,5:ceil,8:ceil,10:ceil,11:ceil,13:floor,14:ceil,15:ceil,16:ceil,18:ceil,19:floor,19:ceil,20:ceil,21:ceil	47.8	1959
e08	hsd	13	9	0.89	0.89	0.0e+00	3.5	2:ceil,3:ceil,4:ceil,6:ceil,8:ceil,9:ceil	54.2	921
e09	ipm	17	17	0.82	0.12	0.0e+00	3.5	1:ceil,2:ceil,4:ceil,5:ceil,10:ceil,11:ceil,13:ceil,14:ceil,15:ceil,16:ceil,17:ceil	71.2	1936
e09	hsd	10	10	0.80	0.80	0.0e+00	3.5	1:ceil,2:ceil,3:ceil,4:ceil,7:ceil,8:ceil,10:ceil	68.5	946
e10	ipm	9	9	0.67	0.22	0.0e+00	3.5	1:ceil,3:ceil,5:ceil,6:ceil,8:ceil,9:ceil	61.8	1079
e10	hsd	11	8	0.50	1.00	0.0e+00	3.5	4:ceil	64.4	827
e11	ipm	16	15	0.87	0.60	0.0e+00	3.5	1:ceil,4:floor,5:ceil,6:ceil,8:ceil,11:ceil	76.4	1397
e11	hsd	14	11	0.82	0.91	0.0e+00	3.5	1:ceil,2:ceil,3:ceil,4:ceil,8:ceil,11:floor,11:ceil	88.3	1172
e12	ipm	14	14	0.71	0.36	0.0e+00	3.5	1:ceil,2:ceil,3:ceil,4:ceil,5:ceil,8:ceil,10:ceil,11:ceil,13:ceil,14:floor,14:ceil	146.9	1563
e12	hsd	13	12	0.58	1.00	0.0e+00	3.5	3:ceil,4:ceil,7:ceil,8:ceil,10:ceil,12:floor,12:ceil	136.3	1175
e14	ipm	9	9	0.89	0.22	0.0e+00	3.5	1:ceil,2:ceil,3:ceil,4:ceil,5:ceil,6:ceil,7:ceil,8:ceil,9:floor,9:ceil	57.1	949
e14	hsd	7	6	0.50	0.83	0.0e+00	3.5	1:floor,1:ceil,3:ceil,4:ceil,5:ceil,6:floor,6:ceil	62.8	684
e15	ipm	7	7	0.43	0.00	0.0e+00	3.5	3:ceil,4:ceil,5:ceil,6:ceil,7:ceil	67.7	1022
e15	hsd	7	7	1.00	0.57	0.0e+00	3.5	2:ceil,3:ceil,4:ceil,5:ceil,6:ceil,7:ceil	69.1	635
