case,dofs,subdomains,method,setup_s,solve_s,iterations,rel_error,rounds,max_local_dofs
"square 64²",3969,4,"direct (ChordalLDLt)",0.005216319,0.000235289,0,0.0,0,3969
"square 64²",3969,4,"direct (CHOLMOD)",0.00288962,0.000172573,0,2.547492630612724e-14,0,3969
"square 64²",3969,4,"Galerkin tower alone (one coarse solve)",0.000469657,3.3553e-5,1,0.9217953950712294,1,4
"square 64²",3969,4,"Schwarz, one-level (multicolor)",0.007287801,0.020758547,60,2.6730859089311876e-9,240,1219
"square 64²",3969,4,"Schwarz, two-level: tower + sweeps",0.007757458,0.022525159,57,2.441131018024253e-9,285,1219
"square 64²",3969,4,"Robin Schwarz p* (multicolor)",0.0073087,0.004468792,11,4.413814483361391e-11,44,1219
"square 64²",3969,4,"Robin Schwarz p* (parallel)",0.0073087,0.004561846,17,1.3288005300553312e-9,17,1219
"square 64²",3969,4,"Robin Schwarz p* + tower (parallel)",0.007778357,0.00492223,16,1.915542123413242e-9,32,1219
"square 64²",3969,4,"sheaf ADMM, ρ = p*",0.007287801,0.421563341,653,1.0144576584583435e-11,653,1219
"square 64²",3969,4,"two-level Schwarz CG",0.007757458,0.014451259,24,9.071049670288943e-11,48,1219
"square 128²",16129,16,"direct (ChordalLDLt)",0.022073685,0.000938394,0,0.0,0,16129
"square 128²",16129,16,"direct (CHOLMOD)",0.014541017,0.001222084,0,7.746117857358888e-14,0,16129
"square 128²",16129,16,"Galerkin tower alone (one coarse solve)",0.001905692,7.2626e-5,1,0.9334302973011053,1,16
"square 128²",16129,16,"Schwarz, one-level (multicolor)",0.031210401,0.466693637,207,2.8079253523352264e-9,828,1420
"square 128²",16129,16,"Schwarz, two-level: tower + sweeps",0.033116093,0.392427118,144,1.1216601200763932e-9,720,1420
"square 128²",16129,16,"Robin Schwarz p* (multicolor)",0.031856358,0.044339929,21,1.5107730002474958e-11,84,1420
"square 128²",16129,16,"Robin Schwarz p* (parallel)",0.031856358,0.044618921,37,7.967274355229509e-11,37,1420
"square 128²",16129,16,"Robin Schwarz p* + tower (parallel)",0.03376205,5.805639972,-1,NaN,6294,1420
"square 128²",16129,16,"sheaf ADMM, ρ = p*",0.031210401,8.089437062,1220,3.837611479604854e-12,1220,1420
"square 128²",16129,16,"two-level Schwarz CG",0.033116093,0.097199612,43,9.629731706396658e-11,86,1420
"square 256²",65025,64,"direct (ChordalLDLt)",0.109396117,0.004522202,0,0.0,0,65025
"square 256²",65025,64,"direct (CHOLMOD)",0.065758059,0.006296337,0,3.4680277536675366e-13,0,65025
"square 256²",65025,64,"Galerkin tower alone (one coarse solve)",0.009037531,0.000212578,1,0.9355321592691446,1,64
"square 256²",65025,64,"Schwarz, one-level (multicolor)",0.176095775,16.265004359,797,2.935891961875282e-9,3188,1420
"square 256²",65025,64,"Schwarz, two-level: tower + sweeps",0.185133306,4.529279232,242,5.641118427960143e-10,1210,1420
"square 256²",65025,64,"Robin Schwarz p* (multicolor)",0.177626505,0.9518751,49,2.535812881708693e-11,196,1420
"square 256²",65025,64,"Robin Schwarz p* (parallel)",0.177626505,0.470523948,92,6.531334329099047e-11,92,1420
"square 256²",65025,64,"Robin Schwarz p* + tower (parallel)",0.18666403599999998,6.062786396,-1,NaN,1890,1420
"square 256²",65025,64,"sheaf ADMM, ρ = p*",0.176095775,59.348024207,2265,2.0102990366353993e-9,2265,1420
"square 256²",65025,64,"two-level Schwarz CG",0.185133306,1.089155646,67,1.222484245964841e-10,134,1420
"square 512²",261121,256,"direct (ChordalLDLt)",0.563347679,0.018870869,0,0.0,0,261121
"square 512²",261121,256,"direct (CHOLMOD)",0.444776696,0.028435805,0,1.4579903287314928e-12,0,261121
"square 512²",261121,256,"Galerkin tower alone (one coarse solve)",0.078301401,0.0009153,1,0.9358412479457126,1,256
"square 512²",261121,256,"Schwarz, two-level: tower + sweeps",0.9648100260000001,28.557893154,296,2.665327402987292e-10,1480,1420
"square 512²",261121,256,"Robin Schwarz p* (multicolor)",0.834092292,10.536776914,133,2.4609490232376327e-11,532,1420
"square 512²",261121,256,"Robin Schwarz p* (parallel)",0.834092292,7.910525525,253,6.647960318384634e-11,253,1420
"square 512²",261121,256,"Robin Schwarz p* + tower (parallel)",0.9123936930000001,22.751796376,-1,Inf,1234,1420
"square 512²",261121,256,"two-level Schwarz CG",0.9648100260000001,4.61872586,86,2.262562527659834e-11,172,1420
"notched 128×64",7457,8,"direct (ChordalLDLt)",0.010028763,0.00047581,0,0.0,0,7457
"notched 128×64",7457,8,"direct (CHOLMOD)",0.005898444,0.000488152,0,1.923255491236566e-14,0,7457
"notched 128×64",7457,8,"Galerkin tower alone (one coarse solve)",0.001320228,9.1711e-5,1,0.9087598693041198,1,8
"notched 128×64",7457,8,"Schwarz, one-level (multicolor)",0.015194778,0.06127535,58,2.4776590569278085e-9,232,1280
"notched 128×64",7457,8,"Schwarz, two-level: tower + sweeps",0.016515006000000002,0.056758438,55,1.7262563655778684e-9,275,1280
"notched 128×64",7457,8,"Robin Schwarz p* (multicolor)",0.015429056,0.024537328,16,8.988462512967517e-11,64,1280
"notched 128×64",7457,8,"Robin Schwarz p* (parallel)",0.015429056,0.011213187,22,1.9558461043150835e-11,22,1280
"notched 128×64",7457,8,"Robin Schwarz p* + tower (parallel)",0.016749284,0.012706448,22,2.0024637574321132e-11,44,1280
"notched 128×64",7457,8,"sheaf ADMM, ρ = p*",0.015194778,1.445624856,686,1.0758123792581264e-11,686,1280
"notched 128×64",7457,8,"two-level Schwarz CG",0.016515006000000002,0.051808737,34,1.6645111126297944e-10,68,1280
"notched 256×128",30273,32,"direct (ChordalLDLt)",0.045604421,0.002575524,0,0.0,0,30273
"notched 256×128",30273,32,"direct (CHOLMOD)",0.027301946,0.004336374,0,6.96061029094884e-14,0,30273
"notched 256×128",30273,32,"Galerkin tower alone (one coarse solve)",0.005852108,0.000206586,1,0.9259228308434693,1,32
"notched 256×128",30273,32,"Schwarz, one-level (multicolor)",0.067196547,1.836880549,196,2.881035732874647e-9,784,1420
"notched 256×128",30273,32,"Schwarz, two-level: tower + sweeps",0.07304865499999999,1.117418698,134,1.1324786570901643e-9,670,1420
"notched 256×128",30273,32,"Robin Schwarz p* (multicolor)",0.067260185,0.14869982,20,2.1961012554732904e-11,80,1420
"notched 256×128",30273,32,"Robin Schwarz p* (parallel)",0.067260185,0.094904711,34,4.6144279673408994e-11,34,1420
"notched 256×128",30273,32,"Robin Schwarz p* + tower (parallel)",0.073112293,12.794334861,-1,NaN,6558,1420
"notched 256×128",30273,32,"sheaf ADMM, ρ = p*",0.067196547,11.922599383,1223,4.966773059013213e-12,1223,1420
"notched 256×128",30273,32,"two-level Schwarz CG",0.07304865499999999,0.495411107,58,1.405783798657983e-10,116,1420
