n,unknowns,method,seconds,policy_iterations,schwarz_iterations,converged,peak_rss_so_far_gb,V1,V2,V3
13,28561,"Schwarz multicolor 2⁴",1.100882626,7,33,true,0.9002952575683594,0.511331199223182,0.34399422147055336,0.260838357271452
13,28561,"Schwarz GMRES 2⁴",1.083199149,7,53,true,0.9372444152832031,0.5113311992231823,0.34399422147070735,0.2608383572708648
13,28561,"direct LU",8.45138011,7,0,true,1.5692214965820312,0.511331199223182,0.3439942214705491,0.260838357271412
17,83521,"Schwarz multicolor 2⁴",3.138783933,8,36,true,1.5692214965820312,0.4725319718309091,0.27698133187834145,0.1801772788152144
17,83521,"Schwarz GMRES 2⁴",3.450677505,8,59,true,1.5692214965820312,0.4725319718309091,0.27698133187837254,0.18017727881594703
17,83521,"direct LU",125.220450143,8,0,true,6.109500885009766,0.4725319718309089,0.27698133187833385,0.18017727881520462
21,194481,"Schwarz multicolor 3⁴",11.694081692,8,43,true,6.109500885009766,0.450411022961879,0.2628291360634595,0.15917882371546332
21,194481,"Schwarz GMRES 3⁴",12.584333115,8,75,true,6.109500885009766,0.4504110229618824,0.2628291360634595,0.1591788237154581
21,194481,"direct LU",1399.92788657,8,0,true,27.078479766845703,0.4504110229618773,0.2628291360634536,0.15917882371544678
25,390625,"Schwarz multicolor 4⁴",20.271994093,9,54,true,27.078479766845703,0.43609914042231235,0.2403692344886934,0.13287716374251327
25,390625,"Schwarz GMRES 4⁴",22.461849668,9,97,true,27.078479766845703,0.43609914042231235,0.24036923448869335,0.13287716374251365
29,707281,"Schwarz multicolor 4⁴",36.761682559,10,59,true,27.078479766845703,0.42619712694565093,0.2349183847686582,0.12424918927052178
29,707281,"Schwarz GMRES 4⁴",39.573317931,10,102,true,27.078479766845703,0.4261971269456509,0.23491838476865817,0.12424918927052186
