problem,nodes,coarse_blocks,aggregates,policy_iterations,inner_total,inner_per_evaluation,seconds,setup_seconds,linear_seconds,max_value_difference
double integrator 17^4,83521,none,0,8,136,17.0,5.13,0.0,3.36,0.0
double integrator 17^4,83521,3x3x3x3,81,8,149,18.6,2.03,0.03,1.89,3.908164014632121e-9
double integrator 17^4,83521,5x5x5x5,625,8,107,13.4,2.69,0.11,2.36,2.995589554188882e-9
double integrator 25^4,390625,none,0,9,212,23.6,11.11,0.0,10.79,0.0
double integrator 25^4,390625,3x3x3x3,81,9,272,30.2,18.12,0.11,17.65,4.121723851113757e-9
double integrator 25^4,390625,5x5x5x5,625,9,190,21.1,18.25,0.24,17.45,3.8978096306152565e-9
arm 16^2x13^2,43264,none,0,9,975,108.3,17.2,0.0,17.17,0.0
arm 16^2x13^2,43264,4x4x3x3,144,9,788,87.6,24.65,0.05,24.57,4.3870684862667986e-11
arm 16^2x13^2,43264,8x8x4x4,1024,9,668,74.2,20.4,0.57,19.64,2.1128006011394973e-8
arm 24^2x21^2,254016,none,0,8,1539,192.4,137.78,0.0,136.69,0.0
arm 24^2x21^2,254016,4x4x3x3,144,8,1328,166.0,128.45,0.2,127.92,1.1719585302216728e-9
arm 24^2x21^2,254016,8x8x4x4,1024,8,1028,128.5,112.3,0.72,111.18,8.955911567909425e-10
