n,unknowns,method,threads,seconds,assembly,setup,linear,improvement,policy_iterations,inner_iterations,converged,max_rel_diff_vs_direct,V1,V2,V3
13,28561,"direct",8,16.924518518,0.097283643,16.523220744,0.28527106300000016,0.009223266999999999,7,0,true,0.0,0.511331199223182,0.3439942214705491,0.260838357271412
13,28561,"gmres-gs",8,0.280918256,0.099509634,0.002566416,0.15939977000000002,0.010082882999999999,7,219,true,1.9428084403098031e-10,0.5113311992231822,0.34399422147055936,0.2608383572715042
13,28561,"gmres-sgs",8,0.20185219,0.111885392,0.00810065,0.063230622,0.009826084,7,87,true,7.170197882031642e-11,0.511331199223182,0.3439942214705562,0.2608383572703198
13,28561,"multicolor",8,1.240968436,0.097224983,0.7967210950000001,0.32767152499999996,0.007739833999999999,7,33,true,2.5170077974767264e-11,0.511331199223182,0.34399422147055336,0.260838357271452
13,28561,"ras-gmres",8,1.043060668,0.09727607800000002,0.570983546,0.35418350300000007,0.00813327,7,53,true,1.0162318853819633e-10,0.5113311992231823,0.34399422147070735,0.2608383572708648
17,83521,"direct",8,291.559485659,0.377678763,289.043409762,2.082892512000001,0.028025800000000003,8,0,true,0.0,0.4725319718309089,0.27698133187833385,0.18017727881520468
17,83521,"gmres-gs",8,1.483119428,0.49462773899999996,0.0069024410000000005,0.904996772,0.028597198,8,297,true,3.6875280461914596e-10,0.47253197183090906,0.2769813318783405,0.18017727881544335
17,83521,"gmres-sgs",8,1.135543798,0.445614174,0.135235294,0.4967983859999999,0.027746447,8,112,true,2.978812909355255e-10,0.47253197183090906,0.2769813318783418,0.1801772788162864
17,83521,"multicolor",8,3.823655648,0.35894427599999995,2.8919618700000003,0.5162871770000002,0.018026972000000006,8,36,true,3.10135600463257e-10,0.4725319718309091,0.27698133187834145,0.1801772788152144
17,83521,"ras-gmres",8,3.710722663,0.650557947,1.930622342,1.073037902,0.017203843,8,59,true,1.152757124726428e-10,0.4725319718309091,0.2769813318783725,0.18017727881594703
