problem,nodes,method,levels,coarsest,policy_iterations,inner_total,inner_per_evaluation,seconds,setup_seconds,linear_seconds,max_value_difference,coarse_operator_difference
double integrator 24^4,331776,one level,1,,9,210,23.3,0.85,0.0,0.44,0.0,0.7523
double integrator 24^4,331776,rediscretize,4,3x3x3x3,9,70,7.8,0.64,0.06,0.53,5.142919867751061e-9,0.7523
double integrator 24^4,331776,galerkin,4,3x3x3x3,9,66,7.3,2.2,0.88,1.28,5.302459804568116e-9,0.7523
double integrator 48^4,5308416,one level,1,,13,420,32.3,2.06,0.0,1.53,0.0,0.5245
double integrator 48^4,5308416,rediscretize,5,3x3x3x3,13,178,13.7,2.6,0.04,2.02,5.875201436467137e-9,0.5245
double integrator 48^4,5308416,galerkin,5,3x3x3x3,13,158,12.2,2.22,0.06,1.76,8.379652305379182e-9,0.5245
arm 32^2x24^2,589824,one level,1,,8,1966,245.8,3.44,0.0,3.42,0.0,0.9781
arm 32^2x24^2,589824,rediscretize,4,4x4x3x3,8,342,42.8,2.69,0.24,2.4,1.418722916923798e-10,0.9781
arm 32^2x24^2,589824,galerkin,4,4x4x3x3,8,356,44.5,3.15,0.41,2.69,1.545235051025884e-10,0.9781
arm 48^2x40^2,3686400,one level,1,,9,3906,434.0,27.46,0.0,27.07,0.0,0.9318
arm 48^2x40^2,3686400,rediscretize,4,6x6x5x5,9,547,60.8,10.74,0.04,10.44,9.882317186793443e-11,0.9318
arm 48^2x40^2,3686400,galerkin,4,6x6x5x5,9,584,64.9,10.73,0.07,10.28,7.558043080280186e-11,0.9318
arm 64^2x48^2,9437184,one level,1,,10,5734,573.4,99.45,0.0,98.59,0.0,0.8535
arm 64^2x48^2,9437184,rediscretize,5,4x4x3x3,10,788,78.8,35.07,0.05,34.25,7.79962761043862e-11,0.8535
arm 64^2x48^2,9437184,galerkin,5,4x4x3x3,10,830,83.0,33.76,0.07,33.06,2.3399957527203696e-9,0.8535
