n,unknowns,method,threads,seconds,assembly,setup,linear,improvement,policy_iterations,inner_iterations,converged
21,194481,"gmres-sgs",1,5.645143024,0.32145255400000006,0.15240047299999998,4.544674185,0.195148248,8,133,true
21,194481,"bicgstab-sgs",1,4.134429477,0.375694533,0.731203287,2.4096983419999995,0.19285491700000001,8,79,true
21,194481,"ras-sgs",1,9.469238836,0.259526201,2.0860647949999995,6.42823654,0.18816081899999998,8,148,true
21,194481,"ras-sgs-bicgstab",1,7.498090633,0.909401986,1.9491259300000003,3.953426698,0.18824723100000001,8,87,true
21,194481,"multicolor-sgs",1,11.769509164,0.834169451,1.87350211,8.378248436,0.190832384,8,119,true
21,194481,"gmres-bsgs",1,9.481047286,0.9951136159999998,3.807935042,4.021540705,0.194433303,8,190,true
25,390625,"gmres-sgs",1,11.4752047,1.2356201780000002,0.193286595,8.689640362,0.42725009,9,156,true
25,390625,"bicgstab-sgs",1,10.69553148,0.615156971,2.0542209199999997,6.717848535000001,0.424041546,9,95,true
25,390625,"ras-sgs",1,24.163867294,2.112946289,8.47323335,12.187245642000002,0.41893813,9,175,true
25,390625,"ras-sgs-bicgstab",1,22.96607166,1.400204255,8.294244340999997,11.860515738000002,0.431331635,9,106,true
25,390625,"multicolor-sgs",1,42.626595553,0.7443223449999999,6.885520786000001,33.539385527,0.42317405500000005,9,132,true
25,390625,"gmres-bsgs",1,22.53425038,0.7197718109999999,10.568105259000001,9.841259357,0.430099607,9,212,true
29,707281,"gmres-sgs",1,26.290790714,3.3431476200000003,0.782212341,19.650295546,0.8421227550000001,10,182,true
29,707281,"bicgstab-sgs",1,23.465104428,2.9878074059999995,1.436471196,16.498087037,0.8478500580000001,10,111,true
29,707281,"ras-sgs",1,44.967799974,2.759801907,10.710335658999998,28.096493978000005,0.8527442490000001,10,201,true
29,707281,"ras-sgs-bicgstab",1,39.868161459,1.4971606060000002,11.428892503999998,23.506835194,0.8593881929999999,10,120,true
29,707281,"multicolor-sgs",1,75.64241554,1.5060405949999998,12.352292499,58.375611915,0.8538516890000001,10,165,true
29,707281,"gmres-bsgs",1,44.109921509,3.4506277969999997,14.399018183999999,23.538684405,0.857407129,10,241,true
33,1185921,"gmres-sgs",1,52.86176979,7.271121624999999,1.750013793,39.40851078,1.549080635,11,207,true
33,1185921,"bicgstab-sgs",1,43.161847181,4.687599036,2.530285233,31.547372308,1.5690256649999998,11,123,true
33,1185921,"ras-sgs",1,87.955762704,3.7677840680000005,25.557373656000003,53.22643463800001,1.546374559,11,230,true
33,1185921,"ras-sgs-bicgstab",1,83.786496849,5.039468163,26.096438841999994,47.884447079000005,1.6808748909999998,11,138,true
33,1185921,"multicolor-sgs",1,161.495308488,2.832560781,26.019623654999997,127.28840585,1.682583522,11,177,true
33,1185921,"gmres-bsgs",1,83.130270713,4.740167752,24.596220268,48.592611883,1.608526925,11,268,true
